id,name,acronym,red,green,blue,structure_order,parent_id,parent_acronym,voxels_in_structure
0,background,background,0,0,0,0,,,60237676
997,root,root,255,255,255,0,,,13
8,Basic cell groups and regions,grey,176,255,255,100,997.0,root,0
567,Cerebrum,CH,176,240,255,200,8.0,grey,0
688,Cerebral cortex,CTX,176,255,184,300,567.0,CH,0
695,Cortical plate,CTXpl,112,255,112,400,688.0,CTX,0
315,Isocortex,Isocortex,112,255,113,500,695.0,CTXpl,0
184,"Frontal pole, cerebral cortex",FRP,112,255,113,600,315.0,Isocortex,0
68,"Frontal pole, layer 1",FRP1,121,161,59,700,184.0,FRP,21270
667,"Frontal pole, layer 2/3",FRP2/3,132,165,74,800,184.0,FRP,3884
500,Somatomotor areas,MO,112,255,116,900,315.0,Isocortex,0
107,"Somatomotor areas, Layer 1",MO1,46,161,79,1000,500.0,MO,0
219,"Somatomotor areas, Layer 2/3",MO2/3,74,166,99,1100,500.0,MO,0
299,"Somatomotor areas, Layer 5",MO5,95,172,111,1200,500.0,MO,0
644,"Somatomotor areas, Layer 6a",MO6a,121,188,130,1300,500.0,MO,0
947,"Somatomotor areas, Layer 6b",MO6b,144,196,143,1400,500.0,MO,0
985,Primary motor area,MOp,112,255,116,1500,500.0,MO,17154
320,"Primary motor area, Layer 1",MOp1,45,161,79,1600,985.0,MOp,76078
943,"Primary motor area, Layer 2/3",MOp2/3,73,166,99,1700,985.0,MOp,165845
648,"Primary motor area, Layer 5",MOp5,94,172,111,1800,985.0,MOp,172551
844,"Primary motor area, Layer 6a",MOp6a,120,188,130,1900,985.0,MOp,122277
882,"Primary motor area, Layer 6b",MOp6b,143,196,143,2000,985.0,MOp,21601
993,Secondary motor area,MOs,112,255,116,2100,500.0,MO,0
656,"Secondary motor area, layer 1",MOs1,63,147,68,2200,993.0,MOs,64425
962,"Secondary motor area, layer 2/3",MOs2/3,83,152,86,2300,993.0,MOs,104811
767,"Secondary motor area, layer 5",MOs5,101,157,97,2400,993.0,MOs,95840
1021,"Secondary motor area, layer 6a",MOs6a,129,174,115,2500,993.0,MOs,39855
1085,"Secondary motor area, layer 6b",MOs6b,139,178,127,2600,993.0,MOs,2990
453,Somatosensory areas,SS,112,255,121,2700,315.0,Isocortex,0
12993,"Somatosensory areas, layer 1",SS1,0,177,92,2701,453.0,SS,0
12994,"Somatosensory areas, layer 2/3",SS2/3,67,185,112,2702,453.0,SS,0
12995,"Somatosensory areas, layer 4",SS4,93,191,126,2703,453.0,SS,0
12996,"Somatosensory areas, layer 5",SS5,116,197,139,2704,453.0,SS,0
12997,"Somatosensory areas, layer 6a",SS6a,138,204,153,2705,453.0,SS,0
12998,"Somatosensory areas, layer 6b",SS6b,163,213,170,2706,453.0,SS,0
322,Primary somatosensory area,SSp,112,255,121,2800,453.0,SS,0
793,"Primary somatosensory area, layer 1",SSp1,0,177,92,2900,322.0,SSp,0
346,"Primary somatosensory area, layer 2/3",SSp2/3,67,185,112,3000,322.0,SSp,0
865,"Primary somatosensory area, layer 4",SSp4,93,191,126,3100,322.0,SSp,0
921,"Primary somatosensory area, layer 5",SSp5,116,197,139,3200,322.0,SSp,0
686,"Primary somatosensory area, layer 6a",SSp6a,138,204,153,3300,322.0,SSp,0
719,"Primary somatosensory area, layer 6b",SSp6b,163,213,170,3400,322.0,SSp,0
353,"Primary somatosensory area, nose",SSp-n,112,255,121,3500,322.0,SSp,0
558,"Primary somatosensory area, nose, layer 1",SSp-n1,0,175,115,3600,353.0,SSp-n,11377
838,"Primary somatosensory area, nose, layer 2/3",SSp-n2/3,44,183,128,3700,353.0,SSp-n,31679
654,"Primary somatosensory area, nose, layer 4",SSp-n4,78,189,140,3800,353.0,SSp-n,16022
702,"Primary somatosensory area, nose, layer 5",SSp-n5,102,195,154,3900,353.0,SSp-n,27928
889,"Primary somatosensory area, nose, layer 6a",SSp-n6a,123,202,170,4000,353.0,SSp-n,26319
929,"Primary somatosensory area, nose, layer 6b",SSp-n6b,135,206,179,4100,353.0,SSp-n,2414
329,"Primary somatosensory area, barrel field",SSp-bfd,112,255,121,4200,322.0,SSp,0
981,"Primary somatosensory area, barrel field, layer 1",SSp-bfd1,0,178,156,4300,329.0,SSp-bfd,18504
201,"Primary somatosensory area, barrel field, layer 2/3",SSp-bfd2/3,19,186,171,4400,329.0,SSp-bfd,56226
1047,"Primary somatosensory area, barrel field, layer 4",SSp-bfd4,66,191,179,4500,329.0,SSp-bfd,25831
1070,"Primary somatosensory area, barrel field, layer 5 ",SSp-bfd5,93,197,188,4600,329.0,SSp-bfd,51611
1038,"Primary somatosensory area, barrel field, layer 6a",SSp-bfd6a,117,203,197,4700,329.0,SSp-bfd,39199
1062,"Primary somatosensory area, barrel field, layer 6b",SSp-bfd6b,143,211,208,4800,329.0,SSp-bfd,6773
337,"Primary somatosensory area, lower limb",SSp-ll,112,255,121,4900,322.0,SSp,0
1030,"Primary somatosensory area, lower limb, layer 1",SSp-ll1,0,177,142,5000,337.0,SSp-ll,6861
113,"Primary somatosensory area, lower limb, layer 2/3",SSp-ll2/3,0,183,155,5100,337.0,SSp-ll,16704
1094,"Primary somatosensory area, lower limb, layer 4",SSp-ll4,69,191,171,5200,337.0,SSp-ll,7497
1128,"Primary somatosensory area, lower limb, layer 5",SSp-ll5,96,196,179,5300,337.0,SSp-ll,16897
478,"Primary somatosensory area, lower limb, layer 6a",SSp-ll6a,119,202,188,5400,337.0,SSp-ll,12229
510,"Primary somatosensory area, lower limb, layer 6b",SSp-ll6b,145,211,198,5500,337.0,SSp-ll,3050
345,"Primary somatosensory area, mouth",SSp-m,112,255,121,5600,322.0,SSp,0
878,"Primary somatosensory area, mouth, layer 1",SSp-m1,0,173,94,5700,345.0,SSp-m,26291
657,"Primary somatosensory area, mouth, layer 2/3",SSp-m2/3,20,180,107,5800,345.0,SSp-m,63304
950,"Primary somatosensory area, mouth, layer 4",SSp-m4,66,185,120,5900,345.0,SSp-m,28459
974,"Primary somatosensory area, mouth, layer 5",SSp-m5,92,191,133,6000,345.0,SSp-m,51628
1102,"Primary somatosensory area, mouth, layer 6a",SSp-m6a,115,197,146,6100,345.0,SSp-m,39428
2,"Primary somatosensory area, mouth, layer 6b",SSp-m6b,137,205,161,6200,345.0,SSp-m,3429
369,"Primary somatosensory area, upper limb",SSp-ul,112,255,121,6300,322.0,SSp,0
450,"Primary somatosensory area, upper limb, layer 1",SSp-ul1,0,174,103,6400,369.0,SSp-ul,10655
854,"Primary somatosensory area, upper limb, layer 2/3",SSp-ul2/3,46,183,120,6500,369.0,SSp-ul,30349
577,"Primary somatosensory area, upper limb, layer 4",SSp-ul4,79,188,133,6600,369.0,SSp-ul,15100
625,"Primary somatosensory area, upper limb, layer 5",SSp-ul5,103,194,147,6700,369.0,SSp-ul,30722
945,"Primary somatosensory area, upper limb, layer 6a",SSp-ul6a,114,198,154,6800,369.0,SSp-ul,23455
1026,"Primary somatosensory area, upper limb, layer 6b",SSp-ul6b,124,201,162,6900,369.0,SSp-ul,5281
361,"Primary somatosensory area, trunk",SSp-tr,112,255,121,7000,322.0,SSp,0
1006,"Primary somatosensory area, trunk, layer 1",SSp-tr1,0,179,171,7100,361.0,SSp-tr,4132
670,"Primary somatosensory area, trunk, layer 2/3",SSp-tr2/3,0,185,179,7200,361.0,SSp-tr,11336
1086,"Primary somatosensory area, trunk, layer 4",SSp-tr4,63,192,187,7300,361.0,SSp-tr,3196
1111,"Primary somatosensory area, trunk, layer 5",SSp-tr5,91,197,197,7400,361.0,SSp-tr,12527
9,"Primary somatosensory area, trunk, layer 6a",SSp-tr6a,115,203,207,7500,361.0,SSp-tr,5316
461,"Primary somatosensory area, trunk, layer 6b",SSp-tr6b,156,216,218,7600,361.0,SSp-tr,1006
378,Supplemental somatosensory area,SSs,112,255,121,7700,453.0,SS,0
873,"Supplemental somatosensory area, layer 1",SSs1,0,176,129,7800,378.0,SSs,25831
806,"Supplemental somatosensory area, layer 2/3",SSs2/3,0,180,135,7900,378.0,SSs,52504
1035,"Supplemental somatosensory area, layer 4",SSs4,40,184,141,8000,378.0,SSs,25033
1090,"Supplemental somatosensory area, layer 5",SSs5,74,190,155,8100,378.0,SSs,46687
862,"Supplemental somatosensory area, layer 6a",SSs6a,98,196,170,8200,378.0,SSs,34075
893,"Supplemental somatosensory area, layer 6b",SSs6b,121,202,179,8300,378.0,SSs,3736
44,Infralimbic area,ILA,112,255,104,8400,315.0,Isocortex,0
707,"Infralimbic area, layer 1",ILA1,0,137,72,8500,44.0,ILA,16648
747,"Infralimbic area, layer 2",ILA2,13,142,83,8600,44.0,ILA,0
556,"Infralimbic area, layer 2/3",ILA2/3,50,146,93,8700,44.0,ILA,18226
827,"Infralimbic area, layer 5",ILA5,77,160,111,8800,44.0,ILA,14904
1054,"Infralimbic area, layer 6a",ILA6a,97,166,122,8900,44.0,ILA,11439
1081,"Infralimbic area, layer 6b",ILA6b,116,172,135,9000,44.0,ILA,3175
1057,Gustatory areas,GU,112,255,105,9100,315.0,Isocortex,0
36,"Gustatory areas, layer 1",GU1,51,181,90,9200,1057.0,GU,14543
180,"Gustatory areas, layer 2/3",GU2/3,82,187,112,9300,1057.0,GU,21729
148,"Gustatory areas, layer 4",GU4,106,193,125,9400,1057.0,GU,6492
187,"Gustatory areas, layer 5",GU5,127,200,138,9500,1057.0,GU,26435
638,"Gustatory areas, layer 6a",GU6a,152,208,152,9600,1057.0,GU,23420
662,"Gustatory areas, layer 6b",GU6b,175,218,179,9700,1057.0,GU,2045
677,Visceral area,VISC,112,255,100,9800,315.0,Isocortex,0
897,"Visceral area, layer 1",VISC1,0,155,91,9900,677.0,VISC,9487
1106,"Visceral area, layer 2/3",VISC2/3,42,163,106,10000,677.0,VISC,13494
1010,"Visceral area, layer 4",VISC4,70,168,118,10100,677.0,VISC,6282
1058,"Visceral area, layer 5",VISC5,97,183,138,10200,677.0,VISC,15475
857,"Visceral area, layer 6a",VISC6a,108,186,144,10300,677.0,VISC,15131
849,"Visceral area, layer 6b",VISC6b,117,189,152,10400,677.0,VISC,1251
247,Auditory areas,AUD,120,255,120,10500,315.0,Isocortex,0
1011,Dorsal auditory area,AUDd,120,255,120,10600,247.0,AUD,0
527,"Dorsal auditory area, layer 1",AUDd1,0,157,125,10700,1011.0,AUDd,15298
600,"Dorsal auditory area, layer 2/3",AUDd2/3,0,163,137,10800,1011.0,AUDd,30074
678,"Dorsal auditory area, layer 4",AUDd4,63,170,151,10900,1011.0,AUDd,12971
252,"Dorsal auditory area, layer 5",AUDd5,91,185,168,11000,1011.0,AUDd,37955
156,"Dorsal auditory area, layer 6a",AUDd6a,113,190,176,11100,1011.0,AUDd,26020
243,"Dorsal auditory area, layer 6b",AUDd6b,137,198,186,11200,1011.0,AUDd,4751
1002,Primary auditory area,AUDp,120,255,120,11300,247.0,AUD,0
735,"Primary auditory area, layer 1",AUDp1,0,157,114,11400,1002.0,AUDp,8522
251,"Primary auditory area, layer 2/3",AUDp2/3,0,160,119,11500,1002.0,AUDp,19526
816,"Primary auditory area, layer 4",AUDp4,37,164,125,11600,1002.0,AUDp,8258
847,"Primary auditory area, layer 5",AUDp5,71,178,145,11700,1002.0,AUDp,23237
954,"Primary auditory area, layer 6a",AUDp6a,93,184,160,11800,1002.0,AUDp,10877
1005,"Primary auditory area, layer 6b",AUDp6b,115,190,168,11900,1002.0,AUDp,2840
1027,Posterior auditory area,AUDpo,120,255,120,12000,247.0,AUD,0
696,"Posterior auditory area, layer 1",AUDpo1,0,158,137,12100,1027.0,AUDpo,900
643,"Posterior auditory area, layer 2/3",AUDpo2/3,24,165,151,12200,1027.0,AUDpo,1569
759,"Posterior auditory area, layer 4",AUDpo4,61,170,158,12300,1027.0,AUDpo,678
791,"Posterior auditory area, layer 5",AUDpo5,89,185,176,12400,1027.0,AUDpo,1864
249,"Posterior auditory area, layer 6a",AUDpo6a,111,191,185,12500,1027.0,AUDpo,648
456,"Posterior auditory area, layer 6b",AUDpo6b,136,199,195,12600,1027.0,AUDpo,126
1018,Ventral auditory area,AUDv,120,255,120,12700,247.0,AUD,0
959,"Ventral auditory area, layer 1",AUDv1,0,156,102,12800,1018.0,AUDv,9685
755,"Ventral auditory area, layer 2/3",AUDv2/3,41,163,113,12900,1018.0,AUDv,16522
990,"Ventral auditory area, layer 4",AUDv4,70,168,124,13000,1018.0,AUDv,8402
1023,"Ventral auditory area, layer 5",AUDv5,96,183,144,13100,1018.0,AUDv,23797
520,"Ventral auditory area, layer 6a",AUDv6a,116,190,160,13200,1018.0,AUDv,15372
598,"Ventral auditory area, layer 6b",AUDv6b,127,193,168,13300,1018.0,AUDv,2256
669,Visual areas,VIS,112,255,98,13400,315.0,Isocortex,0
801,"Visual areas, layer 1",VIS1,1,147,153,13500,669.0,VIS,0
561,"Visual areas, layer 2/3",VIS2/3,1,148,159,13600,669.0,VIS,0
913,"Visual areas, layer 4",VIS4,18,151,167,13700,669.0,VIS,0
937,"Visual areas, layer 5",VIS5,61,163,177,13800,669.0,VIS,0
457,"Visual areas, layer 6a",VIS6a,86,168,178,13900,669.0,VIS,0
497,"Visual areas, layer 6b",VIS6b,108,173,178,14000,669.0,VIS,0
402,Anterolateral visual area,VISal,112,255,98,14100,669.0,VIS,0
1074,"Anterolateral visual area, layer 1",VISal1,0,160,181,14200,402.0,VISal,2828
905,"Anterolateral visual area, layer 2/3",VISal2/3,0,161,189,14300,402.0,VISal,5815
1114,"Anterolateral visual area, layer 4",VISal4,0,161,197,14400,402.0,VISal,2486
233,"Anterolateral visual area, layer 5",VISal5,16,179,202,14500,402.0,VISal,7030
601,"Anterolateral visual area, layer 6a",VISal6a,105,193,212,14600,402.0,VISal,3844
649,"Anterolateral visual area, layer 6b",VISal6b,103,193,221,14700,402.0,VISal,695
394,Anteromedial visual area,VISam,112,255,98,14800,669.0,VIS,0
281,"Anteromedial visual area, layer 1",VISam1,0,141,139,14900,394.0,VISam,4049
1066,"Anteromedial visual area, layer 2/3",VISam2/3,0,142,145,15000,394.0,VISam,6647
401,"Anteromedial visual area, layer 4",VISam4,0,143,152,15100,394.0,VISam,2501
433,"Anteromedial visual area, layer 5",VISam5,0,158,163,15200,394.0,VISam,6988
1046,"Anteromedial visual area, layer 6a",VISam6a,64,164,172,15300,394.0,VISam,4687
441,"Anteromedial visual area, layer 6b",VISam6b,98,172,181,15400,394.0,VISam,539
409,Lateral visual area,VISl,112,255,98,15500,669.0,VIS,0
421,"Lateral visual area, layer 1",VISl1,0,159,158,15600,409.0,VISl,5047
973,"Lateral visual area, layer 2/3",VISl23,0,159,165,15700,409.0,VISl,10351
573,"Lateral visual area, layer 4",VISl4,0,161,173,15800,409.0,VISl,3860
613,"Lateral visual area, layer 5",VISl5,0,176,184,15900,409.0,VISl,10815
74,"Lateral visual area, layer 6a",VISl6a,69,183,193,16000,409.0,VISl,6358
121,"Lateral visual area, layer 6b",VISl6b,107,192,203,16100,409.0,VISl,739
385,Primary visual area,VISp,112,255,98,16200,669.0,VIS,0
593,"Primary visual area, layer 1",VISp1,0,147,153,16300,385.0,VISp,28653
821,"Primary visual area, layer 2/3",VISp2/3,0,148,159,16400,385.0,VISp,66023
721,"Primary visual area, layer 4",VISp4,17,151,167,16500,385.0,VISp,30690
778,"Primary visual area, layer 5",VISp5,60,163,177,16600,385.0,VISp,65978
33,"Primary visual area, layer 6a",VISp6a,85,168,178,16700,385.0,VISp,40860
305,"Primary visual area, layer 6b",VISp6b,107,173,178,16800,385.0,VISp,4944
425,Posterolateral visual area,VISpl,112,255,98,16900,669.0,VIS,0
750,"Posterolateral visual area, layer 1",VISpl1,0,180,205,17000,425.0,VISpl,2299
269,"Posterolateral visual area, layer 2/3",VISpl2/3,0,181,214,17100,425.0,VISpl,4825
869,"Posterolateral visual area, layer 4",VISpl4,0,181,223,17200,425.0,VISpl,1504
902,"Posterolateral visual area, layer 5",VISpl5,2,190,215,17300,425.0,VISpl,7187
377,"Posterolateral visual area, layer 6a",VISpl6a,110,205,226,17400,425.0,VISpl,4619
393,"Posterolateral visual area, layer 6b",VISpl6b,107,205,236,17500,425.0,VISpl,58
533,posteromedial visual area,VISpm,112,255,98,17600,669.0,VIS,0
805,"posteromedial visual area, layer 1",VISpm1,0,174,184,17700,533.0,VISpm,5609
41,"posteromedial visual area, layer 2/3",VISpm2/3,0,175,191,17800,533.0,VISpm,9950
501,"posteromedial visual area, layer 4",VISpm4,0,179,200,17900,533.0,VISpm,3605
565,"posteromedial visual area, layer 5",VISpm5,63,184,201,18000,533.0,VISpm,8420
257,"posteromedial visual area, layer 6a",VISpm6a,93,188,201,18100,533.0,VISpm,5774
469,"posteromedial visual area, layer 6b",VISpm6b,119,194,202,18200,533.0,VISpm,1116
31,Anterior cingulate area,ACA,112,255,113,18300,315.0,Isocortex,0
572,"Anterior cingulate area, layer 1",ACA1,97,170,75,18400,31.0,ACA,0
1053,"Anterior cingulate area, layer 2/3",ACA2/3,117,175,88,18500,31.0,ACA,0
739,"Anterior cingulate area, layer 5",ACA5,138,183,108,18600,31.0,ACA,0
179,"Anterior cingulate area, layer 6a",ACA6a,158,199,128,18700,31.0,ACA,0
227,"Anterior cingulate area, layer 6b",ACA6b,169,203,142,18800,31.0,ACA,0
39,"Anterior cingulate area, dorsal part",ACAd,113,255,113,18900,31.0,ACA,0
935,"Anterior cingulate area, dorsal part, layer 1",ACAd1,96,170,75,19000,39.0,ACAd,31743
211,"Anterior cingulate area, dorsal part, layer 2/3",ACAd2/3,116,175,88,19100,39.0,ACAd,28356
1015,"Anterior cingulate area, dorsal part, layer 5",ACAd5,137,183,108,19200,39.0,ACAd,21840
919,"Anterior cingulate area, dorsal part, layer 6a",ACAd6a,157,199,128,19300,39.0,ACAd,11261
927,"Anterior cingulate area, dorsal part, layer 6b",ACAd6b,168,203,142,19400,39.0,ACAd,1546
48,"Anterior cingulate area, ventral part",ACAv,114,255,113,19500,31.0,ACA,0
588,"Anterior cingulate area, ventral part, layer 1",ACAv1,109,191,85,19600,48.0,ACAv,33366
296,"Anterior cingulate area, ventral part, layer 2/3",ACAv2/3,131,198,100,19700,48.0,ACAv,27071
772,"Anterior cingulate area, ventral part, layer 5",ACAv5,155,207,122,19800,48.0,ACAv,18621
810,"Anterior cingulate area, ventral part, layer 6a",ACAv6a,167,212,136,19900,48.0,ACAv,9362
819,"Anterior cingulate area, ventral part, layer 6b",ACAv6b,178,217,152,20000,48.0,ACAv,2359
972,Prelimbic area,PL,112,255,118,20100,315.0,Isocortex,0
171,"Prelimbic area, layer 1",PL1,83,150,66,20200,972.0,PL,29331
195,"Prelimbic area, layer 2",PL2,101,156,78,20300,972.0,PL,0
304,"Prelimbic area, layer 2/3",PL2/3,121,163,95,20400,972.0,PL,20632
363,"Prelimbic area, layer 5",PL5,140,178,114,20500,972.0,PL,14426
84,"Prelimbic area, layer 6a",PL6a,150,182,127,20600,972.0,PL,8194
132,"Prelimbic area, layer 6b",PL6b,160,187,142,20700,972.0,PL,682
714,Orbital area,ORB,128,255,128,20800,315.0,Isocortex,0
264,"Orbital area, layer 1",ORB1,38,143,69,20900,714.0,ORB,0
492,"Orbital area, layer 2/3",ORB2/3,64,148,87,21000,714.0,ORB,0
352,"Orbital area, layer 5",ORB5,83,152,98,21100,714.0,ORB,0
476,"Orbital area, layer 6a",ORB6a,108,168,116,21200,714.0,ORB,0
516,"Orbital area, layer 6b",ORB6b,129,175,128,21300,714.0,ORB,0
723,"Orbital area, lateral part",ORBl,127,255,128,21400,714.0,ORB,0
448,"Orbital area, lateral part, layer 1",ORBl1,37,143,69,21500,723.0,ORBl,8812
412,"Orbital area, lateral part, layer 2/3",ORBl2/3,63,148,87,21600,723.0,ORBl,22182
630,"Orbital area, lateral part, layer 5",ORBl5,82,152,98,21700,723.0,ORBl,15174
440,"Orbital area, lateral part, layer 6a",ORBl6a,107,168,116,21800,723.0,ORBl,5998
488,"Orbital area, lateral part, layer 6b",ORBl6b,128,175,128,21900,723.0,ORBl,10
731,"Orbital area, medial part",ORBm,126,255,128,22000,714.0,ORB,0
484,"Orbital area, medial part, layer 1",ORBm1,102,155,63,22100,731.0,ORBm,18407
524,"Orbital area, medial part, layer 2",ORBm2,121,162,82,22200,731.0,ORBm,0
582,"Orbital area, medial part, layer 2/3",ORBm2/3,131,166,95,22300,731.0,ORBm,13758
620,"Orbital area, medial part, layer 5",ORBm5,150,181,113,22400,731.0,ORBm,7694
910,"Orbital area, medial part, layer 6a",ORBm6a,161,186,127,22500,731.0,ORBm,3262
738,"Orbital area, ventral part",ORBv,125,255,128,22600,714.0,ORB,0
746,"Orbital area, ventrolateral part",ORBvl,124,255,128,22700,714.0,ORB,0
969,"Orbital area, ventrolateral part, layer 1",ORBvl1,0,140,71,22800,746.0,ORBvl,15339
288,"Orbital area, ventrolateral part, layer 2/3",ORBvl2/3,51,146,87,22900,746.0,ORBvl,17759
1125,"Orbital area, ventrolateral part, layer 5",ORBvl5,72,150,98,23000,746.0,ORBvl,7516
608,"Orbital area, ventrolateral part, layer 6a",ORBvl6a,97,166,116,23100,746.0,ORBvl,4964
680,"Orbital area, ventrolateral part, layer 6b",ORBvl6b,117,172,128,23200,746.0,ORBvl,40
95,Agranular insular area,AI,112,255,114,23300,315.0,Isocortex,0
104,"Agranular insular area, dorsal part",AId,113,255,114,23400,95.0,AI,4
996,"Agranular insular area, dorsal part, layer 1",AId1,74,165,77,23500,104.0,AId,20258
328,"Agranular insular area, dorsal part, layer 2/3",AId2/3,95,171,97,23600,104.0,AId,35311
1101,"Agranular insular area, dorsal part, layer 5",AId5,114,177,110,23700,104.0,AId,20964
783,"Agranular insular area, dorsal part, layer 6a",AId6a,144,195,129,23800,104.0,AId,9474
831,"Agranular insular area, dorsal part, layer 6b",AId6b,156,200,143,23900,104.0,AId,200
111,"Agranular insular area, posterior part",AIp,111,255,114,24000,95.0,AI,0
120,"Agranular insular area, posterior part, layer 1",AIp1,0,154,82,24100,111.0,AIp,15792
163,"Agranular insular area, posterior part, layer 2/3",AIp2/3,20,160,94,24200,111.0,AIp,16587
344,"Agranular insular area, posterior part, layer 5",AIp5,59,165,106,24300,111.0,AIp,14501
314,"Agranular insular area, posterior part, layer 6a",AIp6a,87,180,124,24400,111.0,AIp,6765
355,"Agranular insular area, posterior part, layer 6b",AIp6b,108,186,137,24500,111.0,AIp,0
119,"Agranular insular area, ventral part",AIv,110,255,114,24600,95.0,AI,0
704,"Agranular insular area, ventral part, layer 1",AIv1,84,186,88,24700,119.0,AIv,15534
694,"Agranular insular area, ventral part, layer 2/3",AIv2/3,107,192,110,24800,119.0,AIv,19794
800,"Agranular insular area, ventral part, layer 5",AIv5,129,199,124,24900,119.0,AIv,12793
675,"Agranular insular area, ventral part, layer 6a",AIv6a,153,207,137,25000,119.0,AIv,3065
699,"Agranular insular area, ventral part, layer 6b",AIv6b,166,213,152,25100,119.0,AIv,4
254,Retrosplenial area,RSP,112,255,120,25200,315.0,Isocortex,0
894,"Retrosplenial area, lateral agranular part",RSPagl,112,255,120,25300,254.0,RSP,1751
671,"Retrosplenial area, lateral agranular part, layer 1",RSPagl1,0,139,100,25400,894.0,RSPagl,9795
965,"Retrosplenial area, lateral agranular part, layer 2/3",RSPagl2/3,0,142,105,25500,894.0,RSPagl,12276
774,"Retrosplenial area, lateral agranular part, layer 5",RSPagl5,31,146,110,25600,894.0,RSPagl,12273
906,"Retrosplenial area, lateral agranular part, layer 6a",RSPagl6a,63,160,129,25700,894.0,RSPagl,7005
279,"Retrosplenial area, lateral agranular part, layer 6b",RSPagl6b,83,165,142,25800,894.0,RSPagl,73
879,"Retrosplenial area, dorsal part",RSPd,112,255,120,25900,254.0,RSP,0
442,"Retrosplenial area, dorsal part, layer 1",RSPd1,0,139,89,26000,879.0,RSPd,16701
434,"Retrosplenial area, dorsal part, layer 2/3",RSPd2/3,34,145,99,26100,879.0,RSPd,32785
545,"Retrosplenial area, dorsal part, layer 4",RSPd4,35,145,99,26200,879.0,RSPd,499
610,"Retrosplenial area, dorsal part, layer 5",RSPd5,60,149,109,26300,879.0,RSPd,38420
274,"Retrosplenial area, dorsal part, layer 6a",RSPd6a,86,164,129,26400,879.0,RSPd,23303
330,"Retrosplenial area, dorsal part, layer 6b",RSPd6b,104,170,142,26500,879.0,RSPd,619
886,"Retrosplenial area, ventral part",RSPv,112,255,120,26600,254.0,RSP,0
542,"Retrosplenial area, ventral part, layer 1",RSPv1,0,138,79,26700,886.0,RSPv,29983
606,"Retrosplenial area, ventral part, layer 2",RSPv2,35,145,94,26800,886.0,RSPv,0
430,"Retrosplenial area, ventral part, layer 2/3",RSPv2/3,61,149,104,26900,886.0,RSPv,60923
687,"Retrosplenial area, ventral part, layer 5",RSPv5,87,163,123,27000,886.0,RSPv,61604
590,"Retrosplenial area, ventral part, layer 6a",RSPv6a,96,166,129,27100,886.0,RSPv,30580
622,"Retrosplenial area, ventral part, layer 6b",RSPv6b,105,169,135,27200,886.0,RSPv,3005
22,Posterior parietal association areas,PTLp,112,255,119,27300,315.0,Isocortex,0
532,"Posterior parietal association areas, layer 1",PTLp1,0,159,151,27400,22.0,PTLp,0
241,"Posterior parietal association areas, layer 2/3",PTLp2/3,0,164,158,27500,22.0,PTLp,0
635,"Posterior parietal association areas, layer 4",PTLp4,58,170,165,27600,22.0,PTLp,0
683,"Posterior parietal association areas, layer 5",PTLp5,87,185,185,27700,22.0,PTLp,0
308,"Posterior parietal association areas, layer 6a",PTLp6a,109,191,194,27800,22.0,PTLp,0
340,"Posterior parietal association areas, layer 6b",PTLp6b,148,203,205,27900,22.0,PTLp,0
541,Temporal association areas,TEa,112,255,122,28000,315.0,Isocortex,0
97,"Temporal association areas, layer 1",TEa1,0,140,110,28100,541.0,TEa,14780
1127,"Temporal association areas, layer 2/3",TEa2/3,0,145,121,28200,541.0,TEa,21009
234,"Temporal association areas, layer 4",TEa4,56,151,133,28300,541.0,TEa,7270
289,"Temporal association areas, layer 5",TEa5,82,165,150,28400,541.0,TEa,29029
729,"Temporal association areas, layer 6a",TEa6a,102,170,157,28500,541.0,TEa,15105
786,"Temporal association areas, layer 6b",TEa6b,124,177,165,28600,541.0,TEa,3942
922,Perirhinal area,PERI,112,255,117,28700,315.0,Isocortex,0
335,"Perirhinal area, layer 6a",PERI6a,79,166,164,28800,922.0,PERI,8373
368,"Perirhinal area, layer 6b",PERI6b,99,171,173,28900,922.0,PERI,2364
540,"Perirhinal area, layer 1",PERI1,0,141,133,29000,922.0,PERI,15038
692,"Perirhinal area, layer 5",PERI5,52,151,146,29100,922.0,PERI,20888
888,"Perirhinal area, layer 2/3",PERI2/3,0,146,139,29200,922.0,PERI,23008
895,Ectorhinal area,ECT,112,255,115,29300,315.0,Isocortex,51
836,Ectorhinal area/Layer 1,ECT1,0,140,121,29400,895.0,ECT,12887
427,Ectorhinal area/Layer 2/3,ECT2/3,19,147,133,29500,895.0,ECT,19990
988,Ectorhinal area/Layer 5,ECT5,54,151,140,29600,895.0,ECT,20100
977,Ectorhinal area/Layer 6a,ECT6a,80,165,156,29700,895.0,ECT,9571
1045,Ectorhinal area/Layer 6b,ECT6b,101,171,165,29800,895.0,ECT,2974
698,Olfactory areas,OLF,144,255,144,29900,695.0,CTXpl,152936
507,Main olfactory bulb,MOB,160,255,171,30000,698.0,OLF,537419
212,"Main olfactory bulb, glomerular layer",MOBgl,140,235,151,30100,507.0,MOB,0
220,"Main olfactory bulb, granule layer",MOBgr,110,205,121,30200,507.0,MOB,0
228,"Main olfactory bulb, inner plexiform layer",MOBipl,160,255,171,30300,507.0,MOB,0
236,"Main olfactory bulb, mitral layer",MOBmi,130,225,141,30400,507.0,MOB,0
244,"Main olfactory bulb, outer plexiform layer",MOBopl,160,255,171,30500,507.0,MOB,0
151,Accessory olfactory bulb,AOB,160,255,176,30600,698.0,OLF,0
188,"Accessory olfactory bulb, glomerular layer",AOBgl,140,235,156,30700,151.0,AOB,4736
196,"Accessory olfactory bulb, granular layer",AOBgr,110,205,126,30800,151.0,AOB,6817
204,"Accessory olfactory bulb, mitral layer",AOBmi,130,225,146,30900,151.0,AOB,8871
159,Anterior olfactory nucleus,AON,144,255,184,31000,698.0,OLF,121154
167,"Anterior olfactory nucleus, dorsal part",AONd,192,255,200,31100,159.0,AON,0
175,"Anterior olfactory nucleus, external part",AONe,192,255,201,31200,159.0,AON,0
183,"Anterior olfactory nucleus, lateral part",AONl,192,255,202,31300,159.0,AON,0
191,"Anterior olfactory nucleus, medial part",AONm,192,255,203,31400,159.0,AON,0
199,"Anterior olfactory nucleus, posteroventral part",AONpv,192,255,204,31500,159.0,AON,0
160,"Anterior olfactory nucleus, layer 1",AON1,144,255,184,31600,159.0,AON,0
168,"Anterior olfactory nucleus, layer 2",AON2,144,255,184,31700,159.0,AON,0
589,Taenia tecta,TT,160,255,160,31800,698.0,OLF,58539
597,"Taenia tecta, dorsal part",TTd,160,255,162,31900,589.0,TT,0
297,"Taenia tecta, dorsal part, layers 1-4",TTd1-4,160,255,162,32000,589.0,TT,0
1034,"Taenia tecta, dorsal part, layer 1",TTd1,160,255,162,32100,589.0,TT,0
1042,"Taenia tecta, dorsal part, layer 2",TTd2,160,255,162,32200,589.0,TT,0
1050,"Taenia tecta, dorsal part, layer 3",TTd3,160,255,162,32300,589.0,TT,0
1059,"Taenia tecta, dorsal part, layer 4",TTd4,160,255,162,32400,589.0,TT,0
605,"Taenia tecta, ventral part",TTv,160,255,161,32500,589.0,TT,0
306,"Taenia tecta, ventral part, layers 1-3",TTv1-3,160,255,161,32600,589.0,TT,0
1067,"Taenia tecta, ventral part, layer 1",TTv1,160,255,161,32700,589.0,TT,0
1075,"Taenia tecta, ventral part, layer 2",TTv2,160,255,161,32800,589.0,TT,0
1082,"Taenia tecta, ventral part, layer 3",TTv3,160,255,161,32900,589.0,TT,0
814,Dorsal peduncular area,DP,112,255,125,33000,698.0,OLF,8839
496,"Dorsal peduncular area, layer 1",DP1,0,158,81,33100,814.0,DP,0
535,"Dorsal peduncular area, layer 2",DP2,60,164,99,33200,814.0,DP,0
360,"Dorsal peduncular area, layer 2/3",DP2/3,83,169,111,33300,814.0,DP,0
646,"Dorsal peduncular area, layer 5",DP5,109,185,130,33400,814.0,DP,0
267,"Dorsal peduncular area, layer 6a",DP6a,130,192,143,33500,814.0,DP,0
961,Piriform area,PIR,160,255,167,33600,698.0,OLF,412433
152,"Piriform area, layers 1-3",PIR1-3,160,255,167,33700,961.0,PIR,0
276,"Piriform area, molecular layer",PIR1,160,255,167,33800,961.0,PIR,0
284,"Piriform area, pyramidal layer",PIR2,160,255,167,33900,961.0,PIR,0
291,"Piriform area, polymorph layer",PIR3,160,255,167,34000,961.0,PIR,0
619,Nucleus of the lateral olfactory tract,NLOT,160,255,170,34100,698.0,OLF,0
392,"Nucleus of the lateral olfactory tract, layers 1-3",NLOT1-3,160,255,170,34200,619.0,NLOT,0
260,"Nucleus of the lateral olfactory tract, molecular layer",NLOT1,160,255,170,34300,619.0,NLOT,5229
268,"Nucleus of the lateral olfactory tract, pyramidal layer",NLOT2,160,255,170,34400,619.0,NLOT,0
1139,"Nucleus of the lateral olfactory tract, layer 3",NLOT3,160,255,170,34500,619.0,NLOT,7254
631,Cortical amygdalar area,COA,160,255,177,34600,698.0,OLF,0
639,"Cortical amygdalar area, anterior part",COAa,160,255,178,34700,631.0,COA,18334
192,"Cortical amygdalar area, anterior part, layer 1",COAa1,160,255,178,34800,639.0,COAa,0
200,"Cortical amygdalar area, anterior part, layer 2",COAa2,160,255,178,34900,639.0,COAa,0
208,"Cortical amygdalar area, anterior part, layer 3",COAa3,160,255,178,35000,639.0,COAa,0
647,"Cortical amygdalar area, posterior part",COAp,160,255,179,35100,631.0,COA,62093
655,"Cortical amygdalar area, posterior part, lateral zone",COApl,160,255,180,35200,647.0,COAp,0
584,"Cortical amygdalar area, posterior part, lateral zone, layers 1-2",COApl1-2,160,255,180,35300,655.0,COApl,0
376,"Cortical amygdalar area, posterior part, lateral zone, layers 1-3",COApl1-3,160,255,180,35400,655.0,COApl,0
216,"Cortical amygdalar area, posterior part, lateral zone, layer 1",COApl1,160,255,180,35500,655.0,COApl,0
224,"Cortical amygdalar area, posterior part, lateral zone, layer 2",COApl2,160,255,180,35600,655.0,COApl,0
232,"Cortical amygdalar area, posterior part, lateral zone, layer 3",COApl3,160,255,180,35700,655.0,COApl,0
663,"Cortical amygdalar area, posterior part, medial zone",COApm,160,255,181,35800,647.0,COAp,0
592,"Cortical amygdalar area, posterior part, medial zone, layers 1-2",COApm1-2,160,255,181,35900,663.0,COApm,0
383,"Cortical amygdalar area, posterior part, medial zone, layers 1-3",COApm1-3,160,255,181,36000,663.0,COApm,0
240,"Cortical amygdalar area, posterior part, medial zone, layer 1",COApm1,160,255,181,36100,663.0,COApm,0
248,"Cortical amygdalar area, posterior part, medial zone, layer 2",COApm2,160,255,181,36200,663.0,COApm,0
256,"Cortical amygdalar area, posterior part, medial zone, layer 3",COApm3,160,255,181,36300,663.0,COApm,0
788,Piriform-amygdalar area,PAA,160,255,169,36400,698.0,OLF,22960
400,"Piriform-amygdalar area, layers 1-3",PAA1-3,160,255,169,36500,788.0,PAA,0
408,"Piriform-amygdalar area, molecular layer",PAA1,160,255,169,36600,788.0,PAA,0
416,"Piriform-amygdalar area, pyramidal layer",PAA2,160,255,169,36700,788.0,PAA,0
424,"Piriform-amygdalar area, polymorph layer",PAA3,160,255,169,36800,788.0,PAA,0
566,Postpiriform transition area,TR,160,255,166,36900,698.0,OLF,33075
517,"Postpiriform transition area, layers 1-3",TR1-3,160,255,166,37000,566.0,TR,0
1140,"Postpiriform transition area, layers 1",TR1,160,255,166,37100,566.0,TR,0
1141,"Postpiriform transition area, layers 2",TR2,160,255,166,37200,566.0,TR,0
1142,"Postpiriform transition area, layers 3",TR3,160,255,166,37300,566.0,TR,0
1089,Hippocampal formation,HPF,144,255,176,37400,695.0,CTXpl,86386
1080,Hippocampal region,HIP,121,255,128,37500,1089.0,HPF,0
375,Ammon's horn,CA,122,255,122,37600,1080.0,HIP,0
382,Field CA1,CA1,122,255,121,37700,375.0,CA,277555
391,"Field CA1, stratum lacunosum-moleculare",CA1slm,123,255,121,37800,382.0,CA1,0
399,"Field CA1, stratum oriens",CA1so,124,255,121,37900,382.0,CA1,0
407,"Field CA1, pyramidal layer",CA1sp,75,230,70,38000,382.0,CA1,0
415,"Field CA1, stratum radiatum",CA1sr,126,255,121,38100,382.0,CA1,0
423,Field CA2,CA2,122,255,120,38200,375.0,CA,44593
431,"Field CA2, stratum lacunosum-moleculare",CA2slm,123,255,120,38300,423.0,CA2,0
438,"Field CA2, stratum oriens",CA2so,124,255,120,38400,423.0,CA2,0
446,"Field CA2, pyramidal layer",CA2sp,75,230,70,38500,423.0,CA2,0
454,"Field CA2, stratum radiatum",CA2sr,126,255,120,38600,423.0,CA2,0
463,Field CA3,CA3,122,255,119,38700,375.0,CA,177448
471,"Field CA3, stratum lacunosum-moleculare",CA3slm,123,255,119,38800,463.0,CA3,0
479,"Field CA3, stratum lucidum",CA3slu,124,255,119,38900,463.0,CA3,0
486,"Field CA3, stratum oriens",CA3so,125,255,119,39000,463.0,CA3,0
495,"Field CA3, pyramidal layer",CA3sp,75,230,70,39100,463.0,CA3,0
504,"Field CA3, stratum radiatum",CA3sr,127,255,119,39200,463.0,CA3,0
726,Dentate gyrus,DG,114,250,114,39300,1080.0,HIP,0
10703,"Dentate gyrus, molecular layer",DG-mo,114,250,114,39400,726.0,DG,129630
10704,"Dentate gyrus, polymorph layer",DG-po,94,230,94,39500,726.0,DG,25568
632,"Dentate gyrus, granule cell layer",DG-sg,64,200,64,39600,726.0,DG,50827
10702,"Dentate gyrus, subgranular zone",DG-sgz,114,250,114,39700,726.0,DG,0
734,Dentate gyrus crest,DGcr,115,250,114,39800,726.0,DG,0
742,"Dentate gyrus crest, molecular layer",DGcr-mo,115,250,115,39900,734.0,DGcr,0
751,"Dentate gyrus crest, polymorph layer",DGcr-po,115,250,116,40000,734.0,DGcr,0
758,"Dentate gyrus crest, granule cell layer",DGcr-sg,115,250,117,40100,734.0,DGcr,0
766,Dentate gyrus lateral blade,DGlb,116,250,114,40200,726.0,DG,0
775,"Dentate gyrus lateral blade, molecular layer",DGlb-mo,116,250,115,40300,766.0,DGlb,0
782,"Dentate gyrus lateral blade, polymorph layer",DGlb-po,116,250,116,40400,766.0,DGlb,0
790,"Dentate gyrus lateral blade, granule cell layer",DGlb-sg,116,250,117,40500,766.0,DGlb,0
799,Dentate gyrus medial blade,DGmb,117,250,114,40600,726.0,DG,0
807,"Dentate gyrus medial blade, molecular layer",DGmb-mo,117,250,115,40700,799.0,DGmb,0
815,"Dentate gyrus medial blade, polymorph layer",DGmb-po,117,250,116,40800,799.0,DGmb,0
823,"Dentate gyrus medial blade, granule cell layer",DGmb-sg,117,250,117,40900,799.0,DGmb,0
982,Fasciola cinerea,FC,114,253,114,41000,1080.0,HIP,3545
19,Induseum griseum,IG,114,254,114,41100,1080.0,HIP,1758
822,Retrohippocampal region,RHP,144,255,176,41200,1089.0,HPF,0
909,Entorhinal area,ENT,128,255,144,41300,822.0,RHP,0
918,"Entorhinal area, lateral part",ENTl,128,255,145,41350,909.0,ENT,264105
1121,"Entorhinal area, lateral part, layer 1",ENTl1,0,104,101,41400,918.0,ENTl,0
20,"Entorhinal area, lateral part, layer 2",ENTl2,0,114,116,41500,918.0,ENTl,0
999,"Entorhinal area, lateral part, layer 2/3",ENTl2/3,50,133,139,41600,918.0,ENTl,0
715,"Entorhinal area, lateral part, layer 2a",ENTl2a,0,115,122,41700,918.0,ENTl,0
764,"Entorhinal area, lateral part, layer 2b",ENTl2b,0,128,132,41800,918.0,ENTl,0
52,"Entorhinal area, lateral part, layer 3",ENTl3,86,151,158,41900,918.0,ENTl,0
92,"Entorhinal area, lateral part, layer 4",ENTl4,117,161,167,42000,918.0,ENTl,0
312,"Entorhinal area, lateral part, layer 4/5",ENTl4/5,157,184,189,42100,918.0,ENTl,0
139,"Entorhinal area, lateral part, layer 5",ENTl5,190,204,206,42200,918.0,ENTl,0
387,"Entorhinal area, lateral part, layer 5/6",ENTl5/6,138,168,168,42300,918.0,ENTl,0
28,"Entorhinal area, lateral part, layer 6a",ENTl6a,148,179,173,42400,918.0,ENTl,0
60,"Entorhinal area, lateral part, layer 6b",ENTl6b,180,199,193,42500,918.0,ENTl,0
926,"Entorhinal area, medial part, dorsal zone",ENTm,128,255,146,42700,909.0,ENT,95492
526,"Entorhinal area, medial part, dorsal zone, layer 1",ENTm1,0,104,87,42800,926.0,ENTm,0
543,"Entorhinal area, medial part, dorsal zone, layer 2",ENTm2,0,118,106,42900,926.0,ENTm,0
468,"Entorhinal area, medial part, dorsal zone, layer 2a",ENTm2a,1,118,106,43000,926.0,ENTm,0
508,"Entorhinal area, medial part, dorsal zone, layer 2b",ENTm2b,2,118,106,43100,926.0,ENTm,0
664,"Entorhinal area, medial part, dorsal zone, layer 3",ENTm3,36,122,111,43200,926.0,ENTm,0
712,"Entorhinal area, medial part, dorsal zone, layer 4",ENTm4,63,135,126,43300,926.0,ENTm,0
727,"Entorhinal area, medial part, dorsal zone, layer 5",ENTm5,64,135,126,43400,926.0,ENTm,0
550,"Entorhinal area, medial part, dorsal zone, layer 5/6",ENTm5/6,81,139,133,43500,926.0,ENTm,0
743,"Entorhinal area, medial part, dorsal zone, layer 6",ENTm6,108,156,152,43600,926.0,ENTm,0
934,"Entorhinal area, medial part, ventral zone",ENTmv,128,255,147,43700,909.0,ENT,8266
259,"Entorhinal area, medial part, ventral zone, layer 1",ENTmv1,0,104,96,43800,934.0,ENTmv,0
324,"Entorhinal area, medial part, ventral zone, layer 2",ENTmv2,0,117,111,43900,934.0,ENTmv,0
371,"Entorhinal area, medial part, ventral zone, layer 3",ENTmv3,35,122,117,44000,934.0,ENTmv,0
419,"Entorhinal area, medial part, ventral zone, layer 4",ENTmv4,62,135,133,44100,934.0,ENTmv,0
1133,"Entorhinal area, medial part, ventral zone, layer 5/6",ENTmv5/6,80,140,140,44200,934.0,ENTmv,0
843,Parasubiculum,PAR,129,255,160,44300,822.0,RHP,29761
10693,"Parasubiculum, layer 1",PAR1,129,255,160,44400,843.0,PAR,0
10694,"Parasubiculum, layer 2",PAR2,129,255,160,44500,843.0,PAR,0
10695,"Parasubiculum, layer 3",PAR3,129,255,160,44600,843.0,PAR,0
1037,Postsubiculum,POST,128,255,160,44700,822.0,RHP,26581
10696,"Postsubiculum, layer 1",POST1,128,255,160,44800,1037.0,POST,0
10697,"Postsubiculum, layer 2",POST2,128,255,160,44900,1037.0,POST,0
10698,"Postsubiculum, layer 3",POST3,128,255,160,45000,1037.0,POST,0
1084,Presubiculum,PRE,129,255,161,45100,822.0,RHP,33846
10699,"Presubiculum, layer 1",PRE1,129,255,161,45200,1084.0,PRE,0
10700,"Presubiculum, layer 2",PRE2,129,255,161,45300,1084.0,PRE,0
10701,"Presubiculum, layer 3",PRE3,129,255,161,45400,1084.0,PRE,0
502,Subiculum,SUB,128,255,151,45500,822.0,RHP,144547
509,"Subiculum, dorsal part",SUBd,129,255,151,45600,502.0,SUB,0
829,"Subiculum, dorsal part, molecular layer",SUBd-m,129,255,151,45700,509.0,SUBd,0
845,"Subiculum, dorsal part, pyramidal layer",SUBd-sp,100,230,121,45800,509.0,SUBd,0
837,"Subiculum, dorsal part, stratum radiatum",SUBd-sr,129,255,151,45900,509.0,SUBd,0
518,"Subiculum, ventral part",SUBv,130,255,151,46000,502.0,SUB,0
853,"Subiculum, ventral part, molecular layer",SUBv-m,130,255,151,46100,518.0,SUBv,0
870,"Subiculum, ventral part, pyramidal layer",SUBv-sp,100,230,121,46200,518.0,SUBv,0
861,"Subiculum, ventral part, stratum radiatum",SUBv-sr,130,255,151,46300,518.0,SUBv,0
703,Cortical subplate,CTXsp,80,255,80,46400,688.0,CTX,52816
16,"Layer 6b, isocortex",6b,80,255,81,46500,703.0,CTXsp,0
583,Claustrum,CLA,80,255,85,46600,703.0,CTXsp,15788
942,Endopiriform nucleus,EP,80,255,87,46700,703.0,CTXsp,0
952,"Endopiriform nucleus, dorsal part",EPd,81,255,87,46800,942.0,EP,58039
966,"Endopiriform nucleus, ventral part",EPv,82,255,87,46900,942.0,EP,14475
131,Lateral amygdalar nucleus,LA,80,255,88,47000,703.0,CTXsp,20525
295,Basolateral amygdalar nucleus,BLA,80,255,83,47100,703.0,CTXsp,0
303,"Basolateral amygdalar nucleus, anterior part",BLAa,81,255,83,47200,295.0,BLA,23242
311,"Basolateral amygdalar nucleus, posterior part",BLAp,82,255,83,47300,295.0,BLA,20166
451,"Basolateral amygdalar nucleus, ventral part",BLAv,73,255,83,47400,295.0,BLA,8313
319,Basomedial amygdalar nucleus,BMA,80,255,84,47500,703.0,CTXsp,34703
327,"Basomedial amygdalar nucleus, anterior part",BMAa,81,255,84,47600,319.0,BMA,0
334,"Basomedial amygdalar nucleus, posterior part",BMAp,82,255,84,47700,319.0,BMA,0
780,Posterior amygdalar nucleus,PA,80,255,89,47800,703.0,CTXsp,10116
623,Cerebral nuclei,CNU,176,216,255,47900,567.0,CH,0
477,Striatum,STR,160,200,232,48000,623.0,CNU,96289
485,Striatum dorsal region,STRd,160,216,232,48100,477.0,STR,0
672,Caudoputamen,CP,160,216,248,48200,485.0,STRd,813752
493,Striatum ventral region,STRv,160,232,232,48300,477.0,STR,0
56,Nucleus accumbens,ACB,160,232,224,48400,493.0,STRv,131514
998,Fundus of striatum,FS,160,228,224,48500,493.0,STRv,11609
754,Olfactory tubercle,OT,160,224,224,48600,493.0,STRv,121436
481,Islands of Calleja,isl,160,224,224,48700,754.0,OT,0
489,Major island of Calleja,islm,160,224,224,48800,754.0,OT,0
144,"Olfactory tubercle, layers 1-3",OT1-3,160,224,224,48900,754.0,OT,0
458,"Olfactory tubercle, molecular layer",OT1,160,224,224,49000,754.0,OT,0
465,"Olfactory tubercle, pyramidal layer",OT2,160,224,224,49100,754.0,OT,0
473,"Olfactory tubercle, polymorph layer",OT3,160,224,224,49200,754.0,OT,0
275,Lateral septal complex,LSX,160,239,232,49300,477.0,STR,0
242,Lateral septal nucleus,LS,153,239,232,49400,275.0,LSX,0
250,"Lateral septal nucleus, caudal (caudodorsal) part",LSc,153,237,232,49500,242.0,LS,17460
258,"Lateral septal nucleus, rostral (rostroventral) part",LSr,153,237,233,49600,242.0,LS,80658
266,"Lateral septal nucleus, ventral part",LSv,153,237,234,49700,242.0,LS,3673
310,Septofimbrial nucleus,SF,147,239,232,49800,275.0,LSX,10246
333,Septohippocampal nucleus,SH,139,239,232,49900,275.0,LSX,1998
278,Striatum-like amygdalar nuclei,sAMY,160,208,232,50000,477.0,STR,7677
23,Anterior amygdalar area,AAA,186,208,248,50100,278.0,sAMY,18514
292,Bed nucleus of the accessory olfactory tract,BA,160,208,232,50200,278.0,sAMY,2384
536,Central amygdalar nucleus,CEA,171,208,248,50300,278.0,sAMY,39376
544,"Central amygdalar nucleus, capsular part",CEAc,171,209,248,50400,536.0,CEA,0
551,"Central amygdalar nucleus, lateral part",CEAl,171,209,249,50500,536.0,CEA,0
559,"Central amygdalar nucleus, medial part",CEAm,171,209,250,50600,536.0,CEA,0
1105,Intercalated amygdalar nucleus,IA,184,208,248,50700,278.0,sAMY,6242
403,Medial amygdalar nucleus,MEA,176,208,248,50800,278.0,sAMY,50030
411,"Medial amygdalar nucleus, anterodorsal part",MEAad,176,209,248,50900,403.0,MEA,0
418,"Medial amygdalar nucleus, anteroventral part",MEAav,176,208,249,51000,403.0,MEA,0
426,"Medial amygdalar nucleus, posterodorsal part",MEApd,176,208,250,51100,403.0,MEA,0
472,"Medial amygdalar nucleus, posterodorsal part, sublayer a",MEApd-a,176,208,250,51200,426.0,MEApd,0
480,"Medial amygdalar nucleus, posterodorsal part, sublayer b",MEApd-b,176,208,250,51300,426.0,MEApd,0
487,"Medial amygdalar nucleus, posterodorsal part, sublayer c",MEApd-c,176,208,250,51400,426.0,MEApd,0
435,"Medial amygdalar nucleus, posteroventral part",MEApv,176,208,251,51500,403.0,MEA,0
803,Pallidum,PAL,160,200,176,51600,623.0,CNU,60776
818,"Pallidum, dorsal region",PALd,160,216,176,51700,803.0,PAL,0
1022,"Globus pallidus, external segment",GPe,160,216,177,51800,818.0,PALd,51564
1031,"Globus pallidus, internal segment",GPi,160,216,178,51900,818.0,PALd,13562
835,"Pallidum, ventral region",PALv,160,208,176,52000,803.0,PAL,0
342,Substantia innominata,SI,152,208,176,52100,835.0,PALv,89245
298,Magnocellular nucleus,MA,162,208,176,52200,835.0,PALv,10818
826,"Pallidum, medial region",PALm,160,224,176,52300,803.0,PAL,0
904,Medial septal complex,MSC,160,224,176,52400,826.0,PALm,0
564,Medial septal nucleus,MS,118,224,176,52500,904.0,MSC,32500
596,Diagonal band nucleus,NDB,138,224,176,52600,904.0,MSC,42033
581,Triangular nucleus of septum,TRS,128,224,176,52700,826.0,PALm,9888
809,"Pallidum, caudal region",PALc,160,190,176,52800,803.0,PAL,0
351,Bed nuclei of the stria terminalis,BST,160,190,160,52900,809.0,PALc,47731
359,"Bed nuclei of the stria terminalis, anterior division",BSTa,160,190,161,53000,351.0,BST,0
537,"Bed nuclei of the stria terminalis, anterior division, anterolateral area",BSTal,160,190,161,53100,359.0,BSTa,0
498,"Bed nuclei of the stria terminalis, anterior division, anteromedial area",BSTam,160,190,161,53200,359.0,BSTa,0
505,"Bed nuclei of the stria terminalis, anterior division, dorsomedial nucleus",BSTdm,160,190,161,53300,359.0,BSTa,0
513,"Bed nuclei of the stria terminalis, anterior division, fusiform nucleus",BSTfu,160,190,161,53400,359.0,BSTa,0
546,"Bed nuclei of the stria terminalis, anterior division, juxtacapsular nucleus",BSTju,160,190,161,53500,359.0,BSTa,0
521,"Bed nuclei of the stria terminalis, anterior division, magnocellular nucleus",BSTmg,160,190,161,53600,359.0,BSTa,0
554,"Bed nuclei of the stria terminalis, anterior division, oval nucleus",BSTov,160,190,161,53700,359.0,BSTa,0
562,"Bed nuclei of the stria terminalis, anterior division, rhomboid nucleus",BSTrh,160,190,161,53800,359.0,BSTa,0
529,"Bed nuclei of the stria terminalis, anterior division, ventral nucleus",BSTv,160,190,161,53900,359.0,BSTa,0
367,"Bed nuclei of the stria terminalis, posterior division",BSTp,160,190,168,54000,351.0,BST,0
569,"Bed nuclei of the stria terminalis, posterior division, dorsal nucleus",BSTd,160,190,168,54100,367.0,BSTp,0
578,"Bed nuclei of the stria terminalis, posterior division, principal nucleus",BSTpr,160,190,168,54200,367.0,BSTp,0
585,"Bed nuclei of the stria terminalis, posterior division, interfascicular nucleus",BSTif,160,190,168,54300,367.0,BSTp,0
594,"Bed nuclei of the stria terminalis, posterior division, transverse nucleus",BSTtr,160,190,168,54400,367.0,BSTp,0
602,"Bed nuclei of the stria terminalis, posterior division, strial extension",BSTse,160,190,168,54500,367.0,BSTp,0
287,Bed nucleus of the anterior commissure,BAC,160,190,152,54600,809.0,PALc,235
512,Cerebellum,CB,240,255,160,54700,8.0,grey,0
528,Cerebellar cortex,CBX,240,240,128,54800,512.0,CB,0
645,Vermal regions,VERM,240,242,128,54900,528.0,CBX,0
912,Lingula (I),LING,240,242,128,55000,645.0,VERM,5378
10707,"Lingula (I), molecular layer",LINGmo,240,242,128,55100,912.0,LING,0
10706,"Lingula (I), Purkinje layer",LINGpu,240,242,128,55200,912.0,LING,0
10705,"Lingula (I), granular layer",LINGgr,227,219,97,55300,912.0,LING,0
920,Central lobule,CENT,240,242,128,55400,645.0,VERM,149996
976,Lobule II,CENT2,240,242,128,55500,920.0,CENT,0
10710,"Lobule II, molecular layer",CENT2mo,240,242,128,55600,976.0,CENT2,0
10709,"Lobule II, Purkinje layer",CENT2pu,240,242,128,55700,976.0,CENT2,0
10708,"Lobule II, granular layer",CENT2gr,227,219,97,55800,976.0,CENT2,0
984,Lobule III,CENT3,240,242,128,55900,920.0,CENT,0
10713,"Lobule III, molecular layer",CENT3mo,240,242,128,56000,984.0,CENT3,0
10712,"Lobule III, Purkinje layer",CENT3pu,240,242,128,56100,984.0,CENT3,0
10711,"Lobule III, granular layer",CENT3gr,227,219,97,56200,984.0,CENT3,0
928,Culmen,CUL,240,242,128,56300,645.0,VERM,250740
992,Lobule IV,CUL4,240,242,128,56400,928.0,CUL,0
10716,"Lobule IV, molecular layer",CUL4mo,240,242,128,56500,992.0,CUL4,0
10715,"Lobule IV, Purkinje layer",CUL4pu,240,242,128,56600,992.0,CUL4,0
10714,"Lobule IV, granular layer",CUL4gr,227,219,97,56700,992.0,CUL4,0
1001,Lobule V,CUL5,240,242,128,56800,928.0,CUL,0
10719,"Lobule V, molecular layer",CUL5mo,240,242,128,56900,1001.0,CUL5,0
10718,"Lobule V, Purkinje layer",CUL5pu,240,242,128,57000,1001.0,CUL5,0
10717,"Lobule V, granular layer",CUL5gr,227,219,97,57100,1001.0,CUL5,0
1091,Lobules IV-V,"CUL4, 5",240,242,128,57200,928.0,CUL,0
10722,"Lobules IV-V, molecular layer","CUL4, 5mo",240,242,128,57300,1091.0,"CUL4, 5",0
10721,"Lobules IV-V, Purkinje layer","CUL4, 5pu",240,242,128,57400,1091.0,"CUL4, 5",0
10720,"Lobules IV-V, granular layer","CUL4, 5gr",227,219,97,57500,1091.0,"CUL4, 5",0
936,Declive (VI),DEC,240,242,128,57600,645.0,VERM,136397
10725,"Declive (VI), molecular layer",DECmo,240,242,128,57700,936.0,DEC,0
10724,"Declive (VI), Purkinje layer",DECpu,240,242,128,57800,936.0,DEC,0
10723,"Declive (VI), granular layer",DECgr,227,219,97,57900,936.0,DEC,0
944,Folium-tuber vermis (VII),FOTU,240,242,128,58000,645.0,VERM,34225
10728,"Folium-tuber vermis (VII), molecular layer",FOTUmo,240,242,128,58100,944.0,FOTU,0
10727,"Folium-tuber vermis (VII), Purkinje layer",FOTUpu,240,242,128,58200,944.0,FOTU,0
10726,"Folium-tuber vermis (VII), granular layer",FOTUgr,227,219,97,58300,944.0,FOTU,0
951,Pyramus (VIII),PYR,240,242,128,58400,645.0,VERM,35835
10731,"Pyramus (VIII), molecular layer",PYRmo,240,242,128,58500,951.0,PYR,0
10730,"Pyramus (VIII), Purkinje layer",PYRpu,240,242,128,58600,951.0,PYR,0
10729,"Pyramus (VIII), granular layer",PYRgr,227,219,97,58700,951.0,PYR,0
957,Uvula (IX),UVU,240,242,128,58800,645.0,VERM,84606
10734,"Uvula (IX), molecular layer",UVUmo,240,242,128,58900,957.0,UVU,0
10733,"Uvula (IX), Purkinje layer",UVUpu,240,242,128,59000,957.0,UVU,0
10732,"Uvula (IX), granular layer",UVUgr,227,219,97,59100,957.0,UVU,0
968,Nodulus (X),NOD,240,242,128,59200,645.0,VERM,47398
10737,"Nodulus (X), molecular layer",NODmo,240,242,128,59300,968.0,NOD,0
10736,"Nodulus (X), Purkinje layer",NODpu,240,242,128,59400,968.0,NOD,0
10735,"Nodulus (X), granular layer",NODgr,227,219,97,59500,968.0,NOD,0
1073,Hemispheric regions,HEM,240,241,128,59600,528.0,CBX,0
1007,Simple lobule,SIM,240,241,128,59700,1073.0,HEM,176187
10674,"Simple lobule, molecular layer",SIMmo,240,241,128,59800,1007.0,SIM,0
10673,"Simple lobule, Purkinje layer",SIMpu,240,241,128,59900,1007.0,SIM,0
10672,"Simple lobule, granular layer",SIMgr,227,219,97,60000,1007.0,SIM,0
1017,Ansiform lobule,AN,240,241,128,60100,1073.0,HEM,367634
1056,Crus 1,ANcr1,240,241,128,60200,1017.0,AN,0
10677,"Crus 1, molecular layer",ANcr1mo,240,241,128,60300,1056.0,ANcr1,0
10676,"Crus 1, Purkinje layer",ANcr1pu,240,241,128,60400,1056.0,ANcr1,0
10675,"Crus 1, granular layer",ANcr1gr,227,219,97,60500,1056.0,ANcr1,0
1064,Crus 2,ANcr2,240,241,128,60600,1017.0,AN,0
10680,"Crus 2, molecular layer",ANcr2mo,240,241,128,60700,1064.0,ANcr2,0
10679,"Crus 2, Purkinje layer",ANcr2pu,240,241,128,60800,1064.0,ANcr2,0
10678,"Crus 2, granular layer",ANcr2gr,227,219,97,60900,1064.0,ANcr2,0
1025,Paramedian lobule,PRM,240,241,128,61000,1073.0,HEM,157976
10683,"Paramedian lobule, molecular layer",PRMmo,240,241,128,61100,1025.0,PRM,0
10682,"Paramedian lobule, Purkinje layer",PRMpu,240,241,128,61200,1025.0,PRM,0
10681,"Paramedian lobule, granular layer",PRMgr,227,219,97,61300,1025.0,PRM,0
1033,Copula pyramidis,COPY,240,241,128,61400,1073.0,HEM,77410
10686,"Copula pyramidis, molecular layer",COPYmo,240,241,128,61500,1033.0,COPY,0
10685,"Copula pyramidis, Purkinje layer",COPYpu,240,241,128,61600,1033.0,COPY,0
10684,"Copula pyramidis, granular layer",COPYgr,227,219,97,61700,1033.0,COPY,0
1041,Paraflocculus,PFL,240,241,128,61800,1073.0,HEM,178475
10689,"Paraflocculus, molecular layer",PFLmo,240,241,128,61900,1041.0,PFL,0
10688,"Paraflocculus, Purkinje layer",PFLpu,240,241,128,62000,1041.0,PFL,0
10687,"Paraflocculus, granular layer",PFLgr,227,219,97,62100,1041.0,PFL,0
1049,Flocculus,FL,240,241,128,62200,1073.0,HEM,42163
10692,"Flocculus, molecular layer",FLmo,240,241,128,62300,1049.0,FL,0
10691,"Flocculus, Purkinje layer",FLpu,240,241,128,62400,1049.0,FL,0
10690,"Flocculus, granular layer",FLgr,227,219,97,62500,1049.0,FL,0
1144,"Cerebellar cortex, molecular layer",CBXmo,240,240,128,62600,528.0,CBX,0
1145,"Cerebellar cortex, Purkinje layer",CBXpu,240,240,128,62700,528.0,CBX,0
1143,"Cerebellar cortex, granular layer",CBXgr,240,240,128,62800,528.0,CBX,0
519,Cerebellar nuclei,CBN,240,240,144,62900,512.0,CB,0
989,Fastigial nucleus,FN,240,240,82,63000,519.0,CBN,16340
91,Interposed nucleus,IP,240,240,82,63100,519.0,CBN,27576
846,Dentate nucleus,DN,240,240,82,63200,519.0,CBN,10710
343,Brain stem,BS,144,96,128,63300,8.0,grey,0
1129,Interbrain,IB,255,95,95,63400,343.0,BS,0
549,Thalamus,TH,255,112,128,63500,1129.0,IB,162130
864,"Thalamus, sensory-motor cortex related",DORsm,255,128,176,63600,549.0,TH,0
637,Ventral group of the dorsal thalamus,VENT,255,108,160,63700,864.0,DORsm,0
629,Ventral anterior-lateral complex of the thalamus,VAL,255,108,161,63800,637.0,VENT,23118
685,Ventral medial nucleus of the thalamus,VM,255,108,162,63900,637.0,VENT,23580
709,Ventral posterior complex of the thalamus,VP,255,108,144,64000,637.0,VENT,0
718,Ventral posterolateral nucleus of the thalamus,VPL,255,108,145,64100,709.0,VP,20033
725,"Ventral posterolateral nucleus of the thalamus, parvicellular part",VPLpc,255,108,146,64200,709.0,VP,1131
733,Ventral posteromedial nucleus of the thalamus,VPM,255,108,147,64300,709.0,VP,51366
741,"Ventral posteromedial nucleus of the thalamus, parvicellular part",VPMpc,255,108,148,64400,733.0,VPM,4357
406,Subparafascicular nucleus,SPF,255,112,165,64500,864.0,DORsm,0
414,"Subparafascicular nucleus, magnocellular part",SPFm,255,111,165,64600,406.0,SPF,2858
422,"Subparafascicular nucleus, parvicellular part",SPFp,255,110,165,64700,406.0,SPF,8425
609,Subparafascicular area,SPA,255,128,177,64800,864.0,DORsm,2974
1044,Peripeduncular nucleus,PP,255,112,163,64900,864.0,DORsm,1393
1008,"Geniculate group, dorsal thalamus",GENd,255,112,160,65000,864.0,DORsm,0
475,Medial geniculate complex,MG,255,112,162,65100,1008.0,GENd,15044
1072,"Medial geniculate complex, dorsal part",MGd,255,112,162,65200,475.0,MG,0
1079,"Medial geniculate complex, ventral part",MGv,255,112,162,65300,475.0,MG,0
1088,"Medial geniculate complex, medial part",MGm,255,112,162,65400,475.0,MG,0
170,Dorsal part of the lateral geniculate complex,LGd,255,112,161,65500,1008.0,GENd,23130
856,"Thalamus, polymodal association cortex related",DORpm,255,136,176,65600,549.0,TH,0
138,Lateral group of the dorsal thalamus,LAT,255,130,130,65700,856.0,DORpm,0
218,Lateral posterior nucleus of the thalamus,LP,255,135,130,65800,138.0,LAT,34676
1020,Posterior complex of the thalamus,PO,255,134,130,65900,138.0,LAT,37854
1029,Posterior limiting nucleus of the thalamus,POL,255,133,130,66000,138.0,LAT,3329
325,Suprageniculate nucleus,SGN,255,131,130,66100,138.0,LAT,1006
239,Anterior group of the dorsal thalamus,ATN,255,136,136,66200,856.0,DORpm,0
255,Anteroventral nucleus of thalamus,AV,255,136,133,66300,239.0,ATN,13064
127,Anteromedial nucleus,AM,255,136,134,66400,239.0,ATN,10765
1096,"Anteromedial nucleus, dorsal part",AMd,255,136,134,66500,127.0,AM,0
1104,"Anteromedial nucleus, ventral part",AMv,255,136,134,66600,127.0,AM,0
64,Anterodorsal nucleus,AD,255,136,135,66700,239.0,ATN,5067
1120,Interanteromedial nucleus of the thalamus,IAM,255,136,129,66800,239.0,ATN,2759
1113,Interanterodorsal nucleus of the thalamus,IAD,255,144,159,66900,239.0,ATN,2898
155,Lateral dorsal nucleus of thalamus,LD,255,136,128,67000,239.0,ATN,34086
444,Medial group of the dorsal thalamus,MED,255,144,176,67100,856.0,DORpm,0
59,Intermediodorsal nucleus of the thalamus,IMD,255,144,164,67200,444.0,MED,9498
362,Mediodorsal nucleus of thalamus,MD,255,144,163,67300,444.0,MED,47768
617,"Mediodorsal nucleus of the thalamus, central part",MDc,255,144,163,67400,362.0,MD,0
626,"Mediodorsal nucleus of the thalamus, lateral part",MDl,255,144,163,67500,362.0,MD,0
636,"Mediodorsal nucleus of the thalamus, medial part",MDm,255,144,163,67600,362.0,MD,0
366,Submedial nucleus of the thalamus,SMT,255,144,161,67700,444.0,MED,6037
1077,Perireunensis nucleus,PR,255,144,160,67800,444.0,MED,580
571,Midline group of the dorsal thalamus,MTN,255,134,134,67900,856.0,DORpm,0
149,Paraventricular nucleus of the thalamus,PVT,255,133,133,68000,571.0,MTN,23719
15,Parataenial nucleus,PT,255,133,134,68100,571.0,MTN,9850
181,Nucleus of reunions,RE,255,133,132,68200,571.0,MTN,20357
51,Intralaminar nuclei of the dorsal thalamus,ILM,255,136,132,68300,856.0,DORpm,0
189,Rhomboid nucleus,RH,255,128,132,68400,51.0,ILM,3967
599,Central medial nucleus of the thalamus,CM,255,134,132,68500,51.0,ILM,9722
907,Paracentral nucleus,PCN,255,132,132,68600,51.0,ILM,8413
575,Central lateral nucleus of the thalamus,CL,255,135,132,68700,51.0,ILM,7734
930,Parafascicular nucleus,PF,255,130,132,68800,51.0,ILM,13431
262,Reticular nucleus of the thalamus,RT,255,128,128,68900,856.0,DORpm,43731
1014,"Geniculate group, ventral thalamus",GENv,255,135,133,69000,856.0,DORpm,0
27,Intergeniculate leaflet of the lateral geniculate complex,IGL,255,135,134,69100,1014.0,GENv,2280
178,Ventral part of the lateral geniculate complex,LGv,255,135,135,69200,1014.0,GENv,12934
300,"Ventral part of the lateral geniculate complex, lateral zone",LGvl,255,135,135,69300,178.0,LGv,0
316,"Ventral part of the lateral geniculate complex, medial zone",LGvm,255,135,135,69400,178.0,LGv,0
321,Subgeniculate nucleus,SubG,255,135,133,69500,1014.0,GENv,869
958,Epithalamus,EPI,255,136,144,69600,856.0,DORpm,0
483,Medial habenula,MH,255,134,144,69700,958.0,EPI,13112
186,Lateral habenula,LH,255,135,144,69800,958.0,EPI,10381
953,Pineal body,PIN,255,132,144,69900,958.0,EPI,0
1097,Hypothalamus,HY,255,105,110,70000,1129.0,IB,138222
157,Periventricular zone,PVZ,255,76,80,70100,1097.0,HY,0
390,Supraoptic nucleus,SO,255,76,60,70200,157.0,PVZ,1850
332,Accessory supraoptic group,ASO,255,76,62,70300,157.0,PVZ,50
432,Nucleus circularis,NC,255,76,62,70400,332.0,ASO,0
38,Paraventricular hypothalamic nucleus,PVH,255,76,77,70500,157.0,PVZ,12068
71,"Paraventricular hypothalamic nucleus, magnocellular division",PVHm,255,76,76,70600,38.0,PVH,0
47,"Paraventricular hypothalamic nucleus, magnocellular division, anterior magnocellular part",PVHam,255,76,75,70700,71.0,PVHm,0
79,"Paraventricular hypothalamic nucleus, magnocellular division, medial magnocellular part",PVHmm,255,76,74,70800,71.0,PVHm,0
103,"Paraventricular hypothalamic nucleus, magnocellular division, posterior magnocellular part",PVHpm,255,76,73,70900,71.0,PVHm,0
652,"Paraventricular hypothalamic nucleus, magnocellular division, posterior magnocellular part, lateral zone",PVHpml,255,76,73,71000,103.0,PVHpm,0
660,"Paraventricular hypothalamic nucleus, magnocellular division, posterior magnocellular part, medial zone",PVHpmm,255,76,73,71100,103.0,PVHpm,0
94,"Paraventricular hypothalamic nucleus, parvicellular division",PVHp,255,76,72,71200,38.0,PVH,0
55,"Paraventricular hypothalamic nucleus, parvicellular division, anterior parvicellular part",PVHap,255,76,69,71300,94.0,PVHp,0
87,"Paraventricular hypothalamic nucleus, parvicellular division, medial parvicellular part, dorsal zone",PVHmpd,255,76,71,71400,94.0,PVHp,0
110,"Paraventricular hypothalamic nucleus, parvicellular division, periventricular part",PVHpv,255,76,70,71500,94.0,PVHp,0
30,"Periventricular hypothalamic nucleus, anterior part",PVa,255,76,78,71600,157.0,PVZ,816
118,"Periventricular hypothalamic nucleus, intermediate part",PVi,255,76,61,71700,157.0,PVZ,6785
223,Arcuate hypothalamic nucleus,ARH,255,76,79,71800,157.0,PVZ,11902
141,Periventricular region,PVR,255,77,80,71900,1097.0,HY,0
72,Anterodorsal preoptic nucleus,ADP,255,77,81,72000,141.0,PVR,1094
80,Anterior hypothalamic area,AHA,255,77,82,72100,141.0,PVR,0
263,Anteroventral preoptic nucleus,AVP,255,77,83,72200,141.0,PVR,2086
272,Anteroventral periventricular nucleus,AVPV,255,77,84,72300,141.0,PVR,3144
830,Dorsomedial nucleus of the hypothalamus,DMH,255,77,85,72400,141.0,PVR,17996
668,"Dorsomedial nucleus of the hypothalamus, anterior part",DMHa,255,77,85,72500,830.0,DMH,0
676,"Dorsomedial nucleus of the hypothalamus, posterior part",DMHp,255,77,85,72600,830.0,DMH,0
684,"Dorsomedial nucleus of the hypothalamus, ventral part",DMHv,255,77,85,72700,830.0,DMH,0
452,Median preoptic nucleus,MEPO,255,77,86,72800,141.0,PVR,9575
523,Medial preoptic area,MPO,255,77,87,72900,141.0,PVR,29702
763,Vascular organ of the lamina terminalis,OV,255,77,88,73000,141.0,PVR,755
914,Posterodorsal preoptic nucleus,PD,255,77,89,73100,141.0,PVR,94
1109,Parastrial nucleus,PS,255,77,90,73200,141.0,PVR,860
1124,Suprachiasmatic preoptic nucleus,PSCH,255,77,91,73300,141.0,PVR,0
126,"Periventricular hypothalamic nucleus, posterior part",PVp,255,77,92,73400,141.0,PVR,6423
133,"Periventricular hypothalamic nucleus, preoptic part",PVpo,255,77,93,73500,141.0,PVR,5380
347,Subparaventricular zone,SBPV,255,77,80,73600,141.0,PVR,7724
286,Suprachiasmatic nucleus,SCH,255,77,94,73700,141.0,PVR,5257
338,Subfornical organ,SFO,255,77,80,73800,141.0,PVR,1485
689,Ventrolateral preoptic nucleus,VLPO,255,77,80,73900,141.0,PVR,979
467,Hypothalamic medial zone,MEZ ,255,78,80,74000,1097.0,HY,0
88,Anterior hypothalamic nucleus,AHN,255,78,81,74100,467.0,MEZ ,25190
700,"Anterior hypothalamic nucleus, anterior part",AHNa,255,78,81,74200,88.0,AHN,0
708,"Anterior hypothalamic nucleus, central part",AHNc,255,78,81,74300,88.0,AHN,0
716,"Anterior hypothalamic nucleus, dorsal part",AHNd,255,78,81,74400,88.0,AHN,0
724,"Anterior hypothalamic nucleus, posterior part",AHNp,255,78,81,74500,88.0,AHN,0
331,Mammillary body,MBO,255,78,82,74600,467.0,MEZ ,0
210,Lateral mammillary nucleus,LM,255,78,83,74700,331.0,MBO,1026
491,Medial mammillary nucleus,MM,255,78,84,74800,331.0,MBO,24020
732,"Medial mammillary nucleus, median part",Mmme,255,78,84,74900,491.0,MM,0
525,Supramammillary nucleus,SUM ,255,78,85,75000,331.0,MBO,7505
1110,"Supramammillary nucleus, lateral part",SUMl,255,78,85,75100,525.0,SUM ,0
1118,"Supramammillary nucleus, medial part",SUMm,255,78,85,75200,525.0,SUM ,0
557,Tuberomammillary nucleus,TM,255,78,86,75300,331.0,MBO,0
1126,"Tuberomammillary nucleus, dorsal part",TMd,255,78,86,75400,557.0,TM,724
1,"Tuberomammillary nucleus, ventral part",TMv,255,78,86,75500,557.0,TM,947
515,Medial preoptic nucleus,MPN,255,78,87,75600,467.0,MEZ ,7038
740,"Medial preoptic nucleus, central part",MPNc,255,78,87,75700,515.0,MPN,0
748,"Medial preoptic nucleus, lateral part",MPNl,255,78,87,75800,515.0,MPN,0
756,"Medial preoptic nucleus, medial part",MPNm,255,78,87,75900,515.0,MPN,0
980,Dorsal premammillary nucleus,PMd,255,78,88,76000,467.0,MEZ ,2673
1004,Ventral premammillary nucleus,PMv,255,78,89,76100,467.0,MEZ ,2815
63,"Paraventricular hypothalamic nucleus, descending division",PVHd,255,78,90,76200,467.0,MEZ ,1844
439,"Paraventricular hypothalamic nucleus, descending division, dorsal parvicellular part",PVHdp,255,78,90,76300,63.0,PVHd,0
447,"Paraventricular hypothalamic nucleus, descending division, forniceal part",PVHf,255,78,90,76400,63.0,PVHd,0
455,"Paraventricular hypothalamic nucleus, descending division, lateral parvicellular part",PVHlp,255,78,90,76500,63.0,PVHd,0
464,"Paraventricular hypothalamic nucleus, descending division, medial parvicellular part, ventral zone",PVHmpv,255,78,90,76600,63.0,PVHd,0
693,Ventromedial hypothalamic nucleus,VMH,255,78,91,76700,467.0,MEZ ,15814
761,"Ventromedial hypothalamic nucleus, anterior part",VMHa,255,78,91,76800,693.0,VMH,0
769,"Ventromedial hypothalamic nucleus, central part",VMHc,255,78,91,76900,693.0,VMH,0
777,"Ventromedial hypothalamic nucleus, dorsomedial part",VMHdm,255,78,91,77000,693.0,VMH,0
785,"Ventromedial hypothalamic nucleus, ventrolateral part",VMHvl,255,78,91,77100,693.0,VMH,0
946,Posterior hypothalamic nucleus,PH,255,79,83,77150,467.0,MEZ ,32468
290,Hypothalamic lateral zone,LZ,255,79,80,77200,1097.0,HY,0
194,Lateral hypothalamic area,LHA,255,79,81,77300,290.0,LZ,109226
226,Lateral preoptic area,LPO,255,79,82,77400,290.0,LZ,34137
356,Preparasubthalamic nucleus,PST,255,79,80,77600,290.0,LZ,456
364,Parasubthalamic nucleus,PSTN,255,79,80,77700,290.0,LZ,1955
173,Retrochiasmatic area,RCH,255,79,84,77800,290.0,LZ,8439
470,Subthalamic nucleus,STN,255,79,85,77900,290.0,LZ,5973
614,Tuberal nucleus,TU,255,79,86,78000,290.0,LZ,15210
797,Zona incerta,ZI,255,79,87,78100,290.0,LZ,44045
796,Dopaminergic A13 group,A13,255,79,87,78200,797.0,ZI,0
804,Fields of Forel,FF,255,79,87,78300,797.0,ZI,1835
10671,Median eminence,ME,255,80,80,78400,1097.0,HY,0
313,Midbrain,MB,255,200,255,78500,343.0,BS,193837
339,"Midbrain, sensory related",MBsen,255,176,254,78600,313.0,MB,0
302,"Superior colliculus, sensory related",SCs,255,152,250,78700,339.0,MBsen,0
851,"Superior colliculus, optic layer",SCop,255,152,250,78800,302.0,SCs,23713
842,"Superior colliculus, superficial gray layer",SCsg,255,152,250,78900,302.0,SCs,55858
834,"Superior colliculus, zonal layer",SCzo,255,152,250,79000,302.0,SCs,0
4,Inferior colliculus,IC,255,152,255,79100,339.0,MBsen,182677
811,"Inferior colliculus, central nucleus",ICc,255,152,255,79200,4.0,IC,0
820,"Inferior colliculus, dorsal nucleus",ICd,255,152,255,79300,4.0,IC,0
828,"Inferior colliculus, external nucleus",ICe,255,152,255,79400,4.0,IC,0
580,Nucleus of the brachium of the inferior colliculus,NB,255,152,253,79500,339.0,MBsen,4489
271,Nucleus sagulum,SAG,255,152,251,79600,339.0,MBsen,2990
874,Parabigeminal nucleus,PBG,255,152,252,79700,339.0,MBsen,2717
460,Midbrain trigeminal nucleus,MEV,255,152,254,79800,339.0,MBsen,1083
323,"Midbrain, motor related",MBmot,255,132,255,79900,313.0,MB,0
381,"Substantia nigra, reticular part",SNr,255,178,247,80000,323.0,MBmot,53486
749,Ventral tegmental area,VTA,255,178,246,80100,323.0,MBmot,26387
246,"Midbrain reticular nucleus, retrorubral area",RR,255,178,249,80200,323.0,MBmot,13746
128,Midbrain reticular nucleus,MRN,255,132,255,80300,323.0,MBmot,157317
539,"Midbrain reticular nucleus, magnocellular part",MRNm,255,177,251,80400,128.0,MRN,0
548,"Midbrain reticular nucleus, magnocellular part, general",MRNmg,255,177,253,80500,128.0,MRN,0
555,"Midbrain reticular nucleus, parvicellular part",MRNp,255,178,250,80600,128.0,MRN,0
294,"Superior colliculus, motor related",SCm,255,178,248,80700,323.0,MBmot,0
26,"Superior colliculus, motor related, deep gray layer",SCdg,255,178,248,80800,294.0,SCm,42900
42,"Superior colliculus, motor related, deep white layer",SCdw,255,178,248,80900,294.0,SCm,12561
17,"Superior colliculus, motor related, intermediate white layer",SCiw,255,178,248,81000,294.0,SCm,70325
10,"Superior colliculus, motor related, intermediate gray layer",SCig,255,178,248,81100,294.0,SCm,71996
494,"Superior colliculus, motor related, intermediate gray layer, sublayer a",SCig-a,255,178,248,81200,10.0,SCig,4350
503,"Superior colliculus, motor related, intermediate gray layer, sublayer b",SCig-b,255,178,248,81300,10.0,SCig,13973
511,"Superior colliculus, motor related, intermediate gray layer, sublayer c",SCig-c,255,178,248,81400,10.0,SCig,2891
795,Periaqueductal gray,PAG,255,144,255,81500,323.0,MBmot,178912
50,Precommissural nucleus,PRC,255,144,255,81600,795.0,PAG,2844
67,Interstitial nucleus of Cajal,INC,255,145,255,81700,795.0,PAG,1757
587,Nucleus of Darkschewitsch,ND,255,146,255,81800,795.0,PAG,1105
1100,Pretectal region,PRT,255,176,250,81900,323.0,MBmot,0
215,Anterior pretectal nucleus,APN,255,176,249,82000,1100.0,PRT,36859
531,Medial pretectal area,MPT,255,176,248,82100,1100.0,PRT,4514
628,Nucleus of the optic tract,NOT,255,176,247,82200,1100.0,PRT,2744
634,Nucleus of the posterior commissure,NPC,255,176,246,82300,1100.0,PRT,7991
706,Olivary pretectal nucleus,OP,255,176,245,82400,1100.0,PRT,2561
1061,Posterior pretectal nucleus,PPT,255,176,244,82500,1100.0,PRT,2153
616,Cuneiform nucleus,CUN,255,178,254,82600,323.0,MBmot,9443
214,Red nucleus,RN,255,134,249,82700,323.0,MBmot,20727
35,Oculomotor nucleus,III,255,168,255,82800,323.0,MBmot,1885
975,Edinger-Westphal nucleus,EW,255,178,253,82900,323.0,MBmot,2053
115,Trochlear nucleus,IV,255,178,255,83000,323.0,MBmot,255
757,Ventral tegmental nucleus,VTN,255,177,250,83100,323.0,MBmot,1184
231,Anterior tegmental nucleus,AT,255,177,252,83200,323.0,MBmot,574
66,Lateral terminal nucleus of the accessory optic tract,LT,255,177,253,83300,323.0,MBmot,191
75,Dorsal terminal nucleus of the accessory optic tract,DT,255,177,253,83400,323.0,MBmot,0
58,Medial terminal nucleus of the accessory optic tract,MT,255,177,253,83500,323.0,MBmot,0
615,"Substantia nigra, lateral part",SNl,255,178,247,83600,323.0,MBmot,0
348,"Midbrain, behavioral state related",MBsta,255,176,253,83700,313.0,MB,0
374,"Substantia nigra, compact part",SNc,255,158,248,83800,348.0,MBsta,7040
1052,Pedunculopontine nucleus,PPN,255,158,255,83900,348.0,MBsta,14733
165,Midbrain raph nuclei,RAmb,255,158,254,84000,348.0,MBsta,0
12,Interfascicular nucleus raph,IF,255,158,251,84100,165.0,RAmb,2087
100,Interpeduncular nucleus,IPN,255,158,247,84200,165.0,RAmb,18546
197,Rostral linear nucleus raph,RL,255,158,249,84300,165.0,RAmb,710
591,Central linear nucleus raph,CLI,255,158,253,84400,165.0,RAmb,4821
872,Dorsal nucleus raph,DR,255,158,252,84500,165.0,RAmb,8056
1065,Hindbrain,HB,255,155,168,84600,343.0,BS,0
771,Pons,P,255,155,136,84700,1065.0,HB,215938
1132,"Pons, sensory related",P-sen,255,170,98,84800,771.0,P,0
612,Nucleus of the lateral lemniscus,NLL,255,170,97,84900,1132.0,P-sen,20914
82,"Nucleus of the lateral lemniscus, dorsal part",NLLd,255,170,97,85000,612.0,NLL,0
90,"Nucleus of the lateral lemniscus, horizontal part",NLLh,255,170,97,85100,612.0,NLL,0
99,"Nucleus of the lateral lemniscus, ventral part",NLLv,255,170,97,85200,612.0,NLL,0
7,Principal sensory nucleus of the trigeminal,PSV,255,170,95,85300,1132.0,P-sen,35211
867,Parabrachial nucleus,PB,255,170,96,85400,1132.0,P-sen,27976
123,Kolliker-Fuse subnucleus,KF,255,165,96,85500,867.0,PB,0
881,"Parabrachial nucleus, lateral division",PBl,255,169,96,85600,867.0,PB,0
860,"Parabrachial nucleus, lateral division, central lateral part",PBlc,255,169,96,85700,881.0,PBl,0
868,"Parabrachial nucleus, lateral division, dorsal lateral part",PBld,255,169,96,85800,881.0,PBl,0
875,"Parabrachial nucleus, lateral division, external lateral part",PBle,255,169,96,85900,881.0,PBl,0
883,"Parabrachial nucleus, lateral division, superior lateral part",PBls,255,169,96,86000,881.0,PBl,0
891,"Parabrachial nucleus, lateral division, ventral lateral part",PBlv,255,169,96,86100,881.0,PBl,0
890,"Parabrachial nucleus, medial division",PBm,255,168,96,86200,867.0,PB,0
899,"Parabrachial nucleus, medial division, external medial part",PBme,255,168,96,86300,890.0,PBm,0
915,"Parabrachial nucleus, medial division, medial medial part",PBmm,255,168,96,86400,890.0,PBm,0
923,"Parabrachial nucleus, medial division, ventral medial part",PBmv,255,168,96,86500,890.0,PBm,0
398,Superior olivary complex,SOC,255,170,94,86600,1132.0,P-sen,0
122,"Superior olivary complex, periolivary region",POR,255,170,94,86700,398.0,SOC,4107
105,"Superior olivary complex, medial part",SOCm,255,170,94,86800,398.0,SOC,4727
114,"Superior olivary complex, lateral part",SOCl,255,170,94,86900,398.0,SOC,6187
987,"Pons, motor related",P-mot,255,174,92,87000,771.0,P,0
280,Barrington's nucleus,B,255,174,80,87100,987.0,P-mot,1136
880,Dorsal tegmental nucleus,DTN,255,174,87,87200,987.0,P-mot,4028
283,Lateral tegmental nucleus,LTN,255,174,86,87300,987.0,P-mot,0
898,Pontine central gray,PCG,255,174,120,87400,987.0,P-mot,23002
931,Pontine gray,PG,255,174,92,87500,987.0,P-mot,33507
1093,"Pontine reticular nucleus, caudal part",PRNc,255,174,85,87600,987.0,P-mot,104971
552,"Pontine reticular nucleus, ventral part",PRNv,255,174,92,87700,987.0,P-mot,0
318,Supragenual nucleus,SG,255,174,84,87800,987.0,P-mot,635
462,Superior salivatory nucleus,SSN,255,174,83,87900,987.0,P-mot,0
534,Supratrigeminal nucleus,SUT,255,174,82,88000,987.0,P-mot,5283
574,Tegmental reticular nucleus,TRN,255,174,81,88100,987.0,P-mot,25749
621,Motor nucleus of trigeminal,V,255,174,104,88200,987.0,P-mot,12155
1117,"Pons, behavioral state related",P-sat,255,172,120,88300,771.0,P,0
679,Superior central nucleus raph,CS,255,172,119,88400,1117.0,P-sat,33784
137,"Superior central nucleus raph, lateral part",CSl,255,172,119,88500,679.0,CS,0
130,"Superior central nucleus raph, medial part",CSm,255,172,119,88600,679.0,CS,0
147,Locus ceruleus,LC,255,172,118,88700,1117.0,P-sat,517
162,Laterodorsal tegmental nucleus,LDT,255,172,117,88800,1117.0,P-sat,3708
604,Nucleus incertus,NI,255,172,116,88900,1117.0,P-sat,6211
146,Pontine reticular nucleus,PRNr,255,172,120,89000,1117.0,P-sat,82728
238,Nucleus raph pontis,RPO,255,172,115,89100,1117.0,P-sat,2515
350,Subceruleus nucleus,SLC,255,172,114,89200,1117.0,P-sat,977
358,Sublaterodorsal nucleus,SLD,255,172,113,89300,1117.0,P-sat,2482
354,Medulla,MY,255,160,176,89400,1065.0,HB,314629
386,"Medulla, sensory related",MY-sen,255,176,176,89500,354.0,MY,0
207,Area postrema,AP,255,176,178,89600,386.0,MY-sen,2788
607,Cochlear nuclei,CN,255,176,177,89700,386.0,MY-sen,0
112,Granular lamina of the cochlear nuclei,CNlam,255,176,177,89800,607.0,CN,0
560,"Cochlear nucleus, subpedunclular granular region",CNspg,255,176,177,89900,607.0,CN,0
96,Dorsal cochlear nucleus,DCO,255,155,205,90000,607.0,CN,18882
101,Ventral cochlear nucleus,VCO,255,155,205,90100,607.0,CN,24218
720,Dorsal column nuclei,DCN,255,177,176,90200,386.0,MY-sen,0
711,Cuneate nucleus,CU,255,177,177,90300,720.0,DCN,9533
1039,Gracile nucleus,GR,255,177,178,90400,720.0,DCN,2564
903,External cuneate nucleus,ECU,255,176,179,90500,386.0,MY-sen,2903
642,Nucleus of the trapezoid body,NTB,255,176,181,90600,386.0,MY-sen,3216
651,Nucleus of the solitary tract,NTS,255,178,176,90700,386.0,MY-sen,16700
659,"Nucleus of the solitary tract, central part",NTSce,255,178,177,90800,651.0,NTS,0
666,"Nucleus of the solitary tract, commissural part",NTSco,255,178,178,90900,651.0,NTS,0
674,"Nucleus of the solitary tract, gelatinous part",NTSge,255,178,179,91000,651.0,NTS,0
682,"Nucleus of the solitary tract, lateral part",NTSl,255,178,180,91100,651.0,NTS,0
691,"Nucleus of the solitary tract, medial part",NTSm,255,178,181,91200,651.0,NTS,0
429,"Spinal nucleus of the trigeminal, caudal part",SPVC,255,176,183,91300,386.0,MY-sen,42233
437,"Spinal nucleus of the trigeminal, interpolar part",SPVI,255,176,184,91400,386.0,MY-sen,37796
445,"Spinal nucleus of the trigeminal, oral part",SPVO,255,176,182,91500,386.0,MY-sen,16454
77,"Spinal nucleus of the trigeminal, oral part, caudal dorsomedial part",SPVOcdm,255,176,182,91600,445.0,SPVO,0
53,"Spinal nucleus of the trigeminal, oral part, middle dorsomedial part, dorsal zone",SPVOmdmd,255,176,182,91700,445.0,SPVO,0
61,"Spinal nucleus of the trigeminal, oral part, middle dorsomedial part, ventral zone",SPVOmdmv,255,176,182,91800,445.0,SPVO,0
45,"Spinal nucleus of the trigeminal, oral part, rostral dorsomedial part",SPVOrdm,255,176,182,91900,445.0,SPVO,0
69,"Spinal nucleus of the trigeminal, oral part, ventrolateral part",SPVOvl,255,176,182,92000,445.0,SPVO,0
789,Nucleus z,z,255,176,185,92100,386.0,MY-sen,0
370,"Medulla, motor related",MY-mot,255,212,219,92200,354.0,MY,0
653,Abducens nucleus,VI,255,212,225,92300,370.0,MY-mot,644
568,Accessory abducens nucleus,ACVI,255,212,226,92400,370.0,MY-mot,0
661,Facial motor nucleus,VII,255,212,234,92500,370.0,MY-mot,25934
576,Accessory facial motor nucleus,ACVII,255,212,235,92600,370.0,MY-mot,174
640,Efferent vestibular nucleus,EV,255,212,230,92700,370.0,MY-mot,0
135,Nucleus ambiguus,AMB,255,212,216,92800,370.0,MY-mot,0
939,"Nucleus ambiguus, dorsal division",AMBd,255,212,216,92900,135.0,AMB,602
143,"Nucleus ambiguus, ventral division",AMBv,255,212,212,93000,135.0,AMB,704
839,Dorsal motor nucleus of the vagus nerve,DMX,255,212,184,93100,370.0,MY-mot,3427
887,Efferent cochlear group,ECO,255,212,186,93200,370.0,MY-mot,0
1048,Gigantocellular reticular nucleus,GRN,255,212,187,93300,370.0,MY-mot,69022
372,Infracerebellar nucleus,ICB,255,212,219,93400,370.0,MY-mot,314
83,Inferior olivary complex,IO,255,212,189,93500,370.0,MY-mot,21867
136,Intermediate reticular nucleus,IRN,255,212,187,93600,370.0,MY-mot,76898
106,Inferior salivatory nucleus,ISN,255,212,190,93700,370.0,MY-mot,226
203,Linear nucleus of the medulla,LIN,255,212,191,93800,370.0,MY-mot,825
235,Lateral reticular nucleus,LRN,255,212,193,93900,370.0,MY-mot,15887
955,"Lateral reticular nucleus, magnocellular part",LRNm,255,212,193,94000,235.0,LRN,0
963,"Lateral reticular nucleus, parvicellular part",LRNp,255,212,193,94100,235.0,LRN,0
307,Magnocellular reticular nucleus,MARN,255,212,194,94200,370.0,MY-mot,23773
395,Medullary reticular nucleus,MDRN,255,212,195,94300,370.0,MY-mot,0
1098,"Medullary reticular nucleus, dorsal part",MDRNd,255,212,195,94400,395.0,MDRN,11378
1107,"Medullary reticular nucleus, ventral part",MDRNv,255,212,195,94500,395.0,MDRN,24603
852,Parvicellular reticular nucleus,PARN,255,212,196,94600,370.0,MY-mot,59168
859,Parasolitary nucleus,PAS,255,212,197,94700,370.0,MY-mot,456
938,Paragigantocellular reticular nucleus,PGRN,255,212,198,94800,370.0,MY-mot,0
970,"Paragigantocellular reticular nucleus, dorsal part",PGRNd,255,212,198,94900,938.0,PGRN,6494
978,"Paragigantocellular reticular nucleus, lateral part",PGRNl,255,212,198,95000,938.0,PGRN,21200
154,Perihypoglossal nuclei,PHY,255,212,219,95100,370.0,MY-mot,0
161,Nucleus intercalatus,NIS,255,212,219,95200,154.0,PHY,0
177,Nucleus of Roller,NR,255,212,221,95300,154.0,PHY,952
169,Nucleus prepositus,PRP,255,212,219,95400,154.0,PHY,6763
995,Paramedian reticular nucleus,PMR,255,212,199,95500,370.0,MY-mot,0
1069,Parapyramidal nucleus,PPY,255,212,200,95600,370.0,MY-mot,1359
185,"Parapyramidal nucleus, deep part",PPYd,255,212,200,95700,1069.0,PPY,0
193,"Parapyramidal nucleus, superficial part",PPYs,255,212,200,95800,1069.0,PPY,0
701,Vestibular nuclei,VNC,255,212,201,95900,370.0,MY-mot,0
209,Lateral vestibular nucleus,LAV,255,214,201,96000,701.0,VNC,4522
202,Medial vestibular nucleus,MV,255,216,201,96100,701.0,VNC,43501
225,Spinal vestibular nucleus,SPIV,255,212,201,96200,701.0,VNC,19699
217,Superior vestibular nucleus,SUV,255,212,201,96300,701.0,VNC,11316
765,Nucleus x,x,255,212,202,96400,370.0,MY-mot,1971
773,Hypoglossal nucleus,XII,255,212,192,96500,370.0,MY-mot,16247
781,Nucleus y,y,255,212,203,96600,370.0,MY-mot,840
76,Interstitial nucleus of the vestibular nerve,INV,255,212,188,96700,370.0,MY-mot,0
379,"Medulla, behavioral state related",MY-sat,255,176,192,96800,354.0,MY,0
206,Nucleus raph magnus,RM,255,176,193,96900,379.0,MY-sat,8135
230,Nucleus raph pallidus,RPA,255,176,195,97000,379.0,MY-sat,2242
222,Nucleus raph obscurus,RO,255,176,194,97100,379.0,MY-sat,960
1009,fiber tracts,fiber tracts,204,204,204,97200,997.0,root,125502
967,cranial nerves,cm,204,204,204,97300,1009.0,fiber tracts,0
885,terminal nerve,tn,204,204,204,97400,967.0,cm,0
949,vomeronasal nerve,von,204,204,204,97500,967.0,cm,9
840,olfactory nerve,In,204,204,204,97600,967.0,cm,0
1016,olfactory nerve layer of main olfactory bulb,onl,204,204,204,97700,840.0,In,164670
21,"lateral olfactory tract, general",lotg,204,204,204,97800,840.0,In,0
665,"lateral olfactory tract, body",lot,204,204,204,97900,21.0,lotg,40503
538,dorsal limb,lotd,204,204,204,98000,21.0,lotg,0
459,accessory olfactory tract,aolt,204,204,204,98100,21.0,lotg,0
900,"anterior commissure, olfactory limb",aco,204,204,204,98200,840.0,In,29047
848,optic nerve,IIn,204,204,204,98300,967.0,cm,2028
876,accessory optic tract,aot,204,204,204,98400,848.0,IIn,0
916,brachium of the superior colliculus,bsc,204,204,204,98500,848.0,IIn,0
336,superior colliculus commissure,csc,204,204,204,98600,848.0,IIn,0
117,optic chiasm,och,204,204,204,98700,848.0,IIn,12129
125,optic tract,opt,204,204,204,98800,848.0,IIn,21612
357,tectothalamic pathway,ttp,204,204,204,98900,848.0,IIn,0
832,oculomotor nerve,IIIn,204,204,204,99000,967.0,cm,0
62,medial longitudinal fascicle,mlf,204,204,204,99100,832.0,IIIn,54402
158,posterior commissure,pc,204,204,204,99200,832.0,IIIn,2615
911,trochlear nerve,IVn,204,204,204,99300,967.0,cm,224
384,trochlear nerve decussation,IVd,204,204,204,99400,911.0,IVn,0
710,abducens nerve,VIn,204,204,204,99500,967.0,cm,0
901,trigeminal nerve,Vn,204,204,204,99600,967.0,cm,0
93,motor root of the trigeminal nerve,moV,204,204,204,99700,901.0,Vn,1991
229,sensory root of the trigeminal nerve,sV,204,204,204,99800,901.0,Vn,0
705,midbrain tract of the trigeminal nerve,mtV,204,204,204,99900,229.0,sV,418
794,spinal tract of the trigeminal nerve,sptV,204,204,204,100000,229.0,sV,50958
798,facial nerve,VIIn,204,204,204,100100,967.0,cm,3306
1131,intermediate nerve,iVIIn,204,204,204,100200,798.0,VIIn,0
1116,genu of the facial nerve,gVIIn,204,204,204,100300,798.0,VIIn,0
933,vestibulocochlear nerve,VIIIn,204,204,204,100400,967.0,cm,0
1076,efferent cochleovestibular bundle,cvb,204,204,204,100500,933.0,VIIIn,0
413,vestibular nerve,vVIIIn,204,204,204,100600,933.0,VIIIn,7704
948,cochlear nerve,cVIIIn,204,204,204,100700,933.0,VIIIn,0
841,trapezoid body,tb,204,204,204,100800,948.0,cVIIIn,9729
641,intermediate acoustic stria,ias,204,204,204,100900,948.0,cVIIIn,0
506,dorsal acoustic stria,das,204,204,204,101000,948.0,cVIIIn,0
658,lateral lemniscus,ll,204,204,204,101100,948.0,cVIIIn,30545
633,inferior colliculus commissure,cic,204,204,204,101200,948.0,cVIIIn,914
482,brachium of the inferior colliculus,bic,204,204,204,101300,948.0,cVIIIn,10784
808,glossopharyngeal nerve,IXn,204,204,204,101400,967.0,cm,0
917,vagus nerve,Xn,204,204,204,101500,967.0,cm,0
237,solitary tract,ts,204,204,204,101600,917.0,Xn,321
717,accessory spinal nerve,XIn,204,204,204,101700,967.0,cm,0
813,hypoglossal nerve,XIIn,204,204,204,101800,967.0,cm,0
925,ventral roots,vrt,204,204,204,101900,967.0,cm,0
792,dorsal roots,drt,204,204,204,102000,967.0,cm,0
932,cervicothalamic tract,cett,204,204,204,102100,792.0,drt,0
570,dorsolateral fascicle,dl,204,204,204,102200,932.0,cett,0
522,dorsal commissure of the spinal cord,dcm,204,204,204,102300,932.0,cett,0
858,ventral commissure of the spinal cord,vc,204,204,204,102400,932.0,cett,0
586,fasciculus proprius,fpr,204,204,204,102500,932.0,cett,0
514,dorsal column,dc,204,204,204,102600,932.0,cett,0
380,cuneate fascicle,cuf,204,204,204,102700,514.0,dc,799
388,gracile fascicle,grf,204,204,204,102800,514.0,dc,185
396,internal arcuate fibers,iaf,204,204,204,102900,514.0,dc,0
697,medial lemniscus,ml,204,204,204,103000,932.0,cett,21532
871,spinothalamic tract,sst,204,204,204,103100,967.0,cm,0
29,lateral spinothalamic tract,sttl,204,204,204,103200,871.0,sst,0
389,ventral spinothalamic tract,sttv,204,204,204,103300,871.0,sst,0
245,spinocervical tract,scrt,204,204,204,103400,871.0,sst,0
261,spino-olivary pathway,sop,204,204,204,103500,871.0,sst,0
270,spinoreticular pathway,srp,204,204,204,103600,871.0,sst,0
293,spinovestibular pathway,svp,204,204,204,103700,871.0,sst,0
277,spinotectal pathway,stp,204,204,204,103800,871.0,sst,0
253,spinohypothalamic pathway,shp,204,204,204,103900,871.0,sst,0
285,spinotelenchephalic pathway,step,204,204,204,104000,871.0,sst,0
627,hypothalamohypophysial tract,hht,204,204,204,104100,285.0,step,0
960,cerebellum related fiber tracts,cbf,204,204,204,104200,1009.0,fiber tracts,0
744,cerebellar commissure,cbc,204,204,204,104300,960.0,cbf,0
752,cerebellar peduncles,cbp,204,204,204,104400,960.0,cbf,0
326,superior cerebelar peduncles,scp,204,204,204,104500,752.0,cbp,14400
812,superior cerebellar peduncle decussation,dscp,204,204,204,104600,326.0,scp,0
85,spinocerebellar tract,sct,204,204,204,104700,812.0,dscp,0
850,uncinate fascicle,uf,204,204,204,104800,326.0,scp,0
866,ventral spinocerebellar tract,sctv,204,204,204,104900,326.0,scp,0
78,middle cerebellar peduncle,mcp,204,204,204,105000,752.0,cbp,29663
1123,inferior cerebellar peduncle,icp,204,204,204,105100,752.0,cbp,23915
553,dorsal spinocerebellar tract,sctd,204,204,204,105200,1123.0,icp,0
499,cuneocerebellar tract,cct,204,204,204,105300,1123.0,icp,0
650,juxtarestiform body,jrb,204,204,204,105400,1123.0,icp,0
490,bulbocerebellar tract,bct,204,204,204,105500,1123.0,icp,0
404,olivocerebellar tract,oct,204,204,204,105600,490.0,bct,0
410,reticulocerebellar tract,rct,204,204,204,105700,490.0,bct,0
373,trigeminocerebellar tract,tct,204,204,204,105800,752.0,cbp,0
728,arbor vitae,arb,204,204,204,105900,960.0,cbf,234925
983,lateral forebrain bundle system,lfbs,204,204,204,106000,1009.0,fiber tracts,0
776,corpus callosum,cc,204,204,204,106100,983.0,lfbs,338646
956,"corpus callosum, anterior forceps",fa,204,204,204,106200,776.0,cc,0
579,external capsule,ec,204,204,204,106300,956.0,fa,0
964,"corpus callosum, extreme capsule",ee,204,204,204,106400,776.0,cc,0
1108,genu of corpus callosum,ccg,204,204,204,106500,776.0,cc,0
971,"corpus callosum, posterior forceps",fp,204,204,204,106600,776.0,cc,0
979,"corpus callosum, rostrum",ccr,204,204,204,106700,776.0,cc,0
986,"corpus callosum, splenium",ccs,204,204,204,106800,776.0,cc,0
784,corticospinal tract,cst,204,204,204,106900,983.0,lfbs,2470
6,internal capsule,int,204,204,204,107000,784.0,cst,77915
924,cerebal peduncle,cpd,204,204,204,107100,784.0,cst,27862
1036,corticotectal tract,cte,204,204,204,107200,784.0,cst,0
1012,corticorubral tract,crt,204,204,204,107300,784.0,cst,0
1003,corticopontine tract,cpt,204,204,204,107400,784.0,cst,0
994,corticobulbar tract,cbt,204,204,204,107500,784.0,cst,0
190,pyramid,py,204,204,204,107600,784.0,cst,19352
198,pyramidal decussation,pyd,204,204,204,107700,784.0,cst,0
1019,"corticospinal tract, crossed",cstc,204,204,204,107800,784.0,cst,0
1028,"corticospinal tract, uncrossed",cstu,204,204,204,107900,784.0,cst,0
896,thalamus related,lfbst,204,204,204,108000,983.0,lfbs,0
1092,external medullary lamina of the thalamus,em,204,204,204,108100,896.0,lfbst,4135
14,internal medullary lamina of the thalamus,im,204,204,204,108200,896.0,lfbst,54
86,middle thalamic commissure,mtc,204,204,204,108300,896.0,lfbst,0
365,thalamic peduncles,tp,204,204,204,108400,896.0,lfbst,0
1000,extrapyramidal fiber systems,eps,204,204,204,108500,1009.0,fiber tracts,0
760,cerebral nuclei related,epsc,204,204,204,108600,1000.0,eps,0
142,pallidothalmic pathway,pap,204,204,204,108700,760.0,epsc,0
102,nigrostriatal tract,nst,204,204,204,108800,760.0,epsc,0
109,nigrothalamic fibers,ntt,204,204,204,108900,760.0,epsc,0
134,pallidotegmental fascicle,ptf,204,204,204,109000,760.0,epsc,0
309,striatonigral pathway,snp,204,204,204,109100,760.0,epsc,0
317,subthalamic fascicle,stf,204,204,204,109200,760.0,epsc,0
877,tectospinal pathway,tsp,204,204,204,109300,1000.0,eps,5207
1051,direct tectospinal pathway,tspd,204,204,204,109400,877.0,tsp,0
1060,doral tegmental decussation,dtd,204,204,204,109500,877.0,tsp,2182
1043,crossed tectospinal pathway,tspc,204,204,204,109600,877.0,tsp,0
863,rubrospinal tract,rust,204,204,204,109700,1000.0,eps,11435
397,ventral tegmental decussation,vtd,204,204,204,109800,863.0,rust,3249
221,rubroreticular tract,rrt,204,204,204,109900,863.0,rust,0
736,central tegmental bundle,ctb,204,204,204,110000,1000.0,eps,0
855,retriculospinal tract,rst,204,204,204,110100,1000.0,eps,0
205,"retriculospinal tract, lateral part",rstl,204,204,204,110200,855.0,rst,0
213,"retriculospinal tract, medial part",rstm,204,204,204,110300,855.0,rst,0
941,vestibulospinal pathway,vsp,204,204,204,110400,1000.0,eps,0
991,medial forebrain bundle system,mfbs,204,204,204,110500,1009.0,fiber tracts,0
768,cerebrum related,mfbc,204,204,204,110600,991.0,mfbs,0
884,amygdalar capsule,amc,204,204,204,110700,768.0,mfbc,2445
892,ansa peduncularis,apd,204,204,204,110800,768.0,mfbc,0
908,"anterior commissure, temporal limb",act,204,204,204,110900,768.0,mfbc,6921
940,cingulum bundle,cing,204,204,204,111000,768.0,mfbc,33292
1099,fornix system,fxs,204,204,204,111100,768.0,mfbc,0
466,alveus,alv,204,204,204,111200,1099.0,fxs,18151
530,dorsal fornix,df,204,204,204,111300,1099.0,fxs,4115
603,fimbria,fi,204,204,204,111400,1099.0,fxs,45081
745,"precommissural fornix, general",fxprg,204,204,204,111500,1099.0,fxs,0
420,precommissural fornix diagonal band,db,204,204,204,111600,745.0,fxprg,0
737,postcommissural fornix,fxpo,204,204,204,111700,1099.0,fxs,0
428,medial corticohypothalmic tract,mct,204,204,204,111800,737.0,fxpo,0
436,columns of the fornix,fx,204,204,204,111900,737.0,fxpo,9095
618,hippocampal commissures,hc,204,204,204,112000,1099.0,fxs,0
443,dorsal hippocampal commissure,dhc,204,204,204,112100,618.0,hc,32949
449,ventral hippocampal commissure,vhc,204,204,204,112200,618.0,hc,5513
713,perforant path,per,204,204,204,112300,1099.0,fxs,0
474,angular path,ab,204,204,204,112400,1099.0,fxs,0
37,longitudinal association bundle,lab,204,204,204,112500,768.0,mfbc,0
301,stria terminalis,st,204,204,204,112600,768.0,mfbc,22810
824,hypothalamus related,mfsbshy,204,204,204,112700,991.0,mfbs,0
54,medial forebrain bundle,mfb,204,204,204,112800,824.0,mfsbshy,0
405,ventrolateral hypothalamic tract,vlt,204,204,204,112900,824.0,mfsbshy,0
174,preoptic commissure,poc,204,204,204,113000,824.0,mfsbshy,0
349,supraoptic commissures,sup,204,204,204,113100,824.0,mfsbshy,0
817,"supraoptic commissures, anterior",supa,204,204,204,113200,349.0,sup,0
825,"supraoptic commissures, dorsal",supd,204,204,204,113300,349.0,sup,0
833,"supraoptic commissures, ventral",supv,204,204,204,113400,349.0,sup,0
166,premammillary commissure,pmx,204,204,204,113500,824.0,mfsbshy,0
341,supramammillary decussation,smd,204,204,204,113600,824.0,mfsbshy,787
182,propriohypothalamic pathways,php,204,204,204,113700,824.0,mfsbshy,0
762,"propriohypothalamic pathways, dorsal",phpd,204,204,204,113800,182.0,php,0
770,"propriohypothalamic pathways, lateral",phpl,204,204,204,113900,182.0,php,0
779,"propriohypothalamic pathways, medial",phpm,204,204,204,114000,182.0,php,0
787,"propriohypothalamic pathways, ventral",phpv,204,204,204,114100,182.0,php,0
150,periventricular bundle of the hypothalamus,pvbh,204,204,204,114200,824.0,mfsbshy,0
46,mammillary related,mfbsma,204,204,204,114300,824.0,mfsbshy,0
753,principal mammillary tract,pm,204,204,204,114400,46.0,mfbsma,40
690,mammilothalmic tract,mtt,204,204,204,114500,46.0,mfbsma,5278
681,mammillotegmental tract,mtg,204,204,204,114600,46.0,mfbsma,4473
673,mammillary peduncle,mp,204,204,204,114700,46.0,mfbsma,689
1068,dorsal thalamus related,mfbst,204,204,204,114800,824.0,mfsbshy,0
722,periventricular bundle of the thalamus,pvbt,204,204,204,114900,1068.0,mfbst,0
1083,epithalamus related,mfbse,204,204,204,115000,824.0,mfsbshy,0
802,stria medullaris,sm,204,204,204,115100,1083.0,mfbse,8625
595,fasciculus retroflexus,fr,204,204,204,115200,1083.0,mfbse,5594
611,habenular commissure,hbc,204,204,204,115300,1083.0,mfbse,2300
730,pineal stalk,PIS,204,204,204,115400,1083.0,mfbse,0
70,midbrain related,mfbsm,204,204,204,115500,824.0,mfsbshy,0
547,dorsal longitudinal fascicle,dlf,204,204,204,115600,70.0,mfbsm,0
563,dorsal tegmental tract,dtt,204,204,204,115700,70.0,mfbsm,0
73,ventricular systems,VS,170,170,170,115800,997.0,root,14140
81,lateral ventricle,VL,170,170,170,115900,73.0,VS,79764
89,rhinocele,RC,170,170,170,116000,81.0,VL,0
98,subependymal zone,SEZ,170,170,170,116100,81.0,VL,0
108,choroid plexus,chpl,170,170,170,116200,81.0,VL,0
116,choroid fissure,chfl,170,170,170,116300,81.0,VL,0
124,interventricular foramen,IVF,170,170,170,116400,73.0,VS,0
129,third ventricle,V3,170,170,170,116500,73.0,VS,70727
140,cerebral aqueduct,AQ,170,170,170,116600,73.0,VS,24093
145,fourth ventricle,V4,170,170,170,116700,73.0,VS,36175
153,lateral recess,V4r,170,170,170,116800,145.0,V4,26621
164,"central canal, spinal cord/medulla",c,170,170,170,116900,73.0,VS,80
1024,grooves,grv,170,170,170,117000,997.0,root,0
1032,grooves of the cerebral cortex,grv of CTX,170,170,170,117100,1024.0,grv,0
1055,endorhinal groove,eg,170,170,170,117200,1032.0,grv of CTX,0
1063,hippocampal fissure,hf,170,170,170,117300,1032.0,grv of CTX,0
1071,rhinal fissure,rf,170,170,170,117400,1032.0,grv of CTX,0
1078,rhinal incisure,ri,170,170,170,117500,1032.0,grv of CTX,0
1040,grooves of the cerebellar cortex,grv of CBX,170,170,170,117600,1024.0,grv,0
1087,precentral fissure,pce,170,170,170,117700,1040.0,grv of CBX,0
1095,preculminate fissure,pcf,170,170,170,117800,1040.0,grv of CBX,0
1103,primary fissure,pri,170,170,170,117900,1040.0,grv of CBX,0
1112,posterior superior fissure,psf,170,170,170,118000,1040.0,grv of CBX,0
1119,prepyramidal fissure,ppf,170,170,170,118100,1040.0,grv of CBX,0
3,secondary fissure,sec,170,170,170,118200,1040.0,grv of CBX,0
11,posterolateral fissure,plf,170,170,170,118300,1040.0,grv of CBX,0
18,nodular fissure,nf,170,170,170,118400,1040.0,grv of CBX,0
25,simple fissure,sif,170,170,170,118500,1040.0,grv of CBX,0
34,intercrural fissure,icf,170,170,170,118600,1040.0,grv of CBX,0
43,ansoparamedian fissure,apf,170,170,170,118700,1040.0,grv of CBX,0
49,intraparafloccular fissure,ipf,170,170,170,118800,1040.0,grv of CBX,0
57,paramedian sulcus,pms,170,170,170,118900,1040.0,grv of CBX,0
65,parafloccular sulcus,pfs,170,170,170,119000,1040.0,grv of CBX,0
624,Interpeduncular fossa,IPF,170,170,170,119100,1024.0,grv,0
182305696,Unlabeled,NoL,176,255,184,300,453.0,SS,25630
182305712,Unlabeled,NoL,176,255,184,300,453.0,SS,26662
312782560,Unlabeled,NoL,176,255,184,300,315.0,Isocortex,19070
312782592,Unlabeled,NoL,176,255,184,300,453.0,SS,28010
312782624,Unlabeled,NoL,176,255,184,300,453.0,SS,37120
312782656,Unlabeled,NoL,176,255,184,300,315.0,Isocortex,17303
